{
"type": "FeatureCollection",
"name": "adm_surakarta",
"crs": { "type": "name", "properties": { "name": "urn:ogc:def:crs:OGC:1.3:CRS84" } },
"features": [
{"type":"Feature","properties":{"OBJECTID_1":382,"PROVINSI":"Provinsi Jawa Tengah","KABUPATEN":"Kota Surakarta","KECAMATAN":"Kecamatan Pasar Kliwon","KELURAHAN":"Kelurahan Baluwarti","SUMBER":"Peraturan Walikota Surakarta Provinsi Jawa Tengah Nomor :146.3/12.2 Tahun 2020 Tanggal 4 Februari 2020 tentang Batas Wilayah Kecamatan dan Kelurahan Kota Surakarta","Shape_Leng":3844.6679777999998,"Shape_Area":541614.58026199997,"luas":54.204326320600003},"geometry":{"type":"MultiPolygon","coordinates":[[[[110.82907999961337,-7.573769000006597],[110.830304000186459,-7.574088000106889],[110.829813999994045,-7.576209000284142],[110.829810999664403,-7.576265999658668],[110.829494000451376,-7.576178999900681],[110.829432000330385,-7.576456999597188],[110.82984500034452,-7.576561000316182],[110.830361999551798,-7.576688999601175],[110.830760999763001,-7.576803999904486],[110.831155000397288,-7.576922000174291],[110.830935000235399,-7.577784000379953],[110.830931999719056,-7.577792999682008],[110.830608000054539,-7.579036999675908],[110.83032599973518,-7.580125000078255],[110.830324000009597,-7.580133999764626],[110.830071000239556,-7.581102000192335],[110.829937000034747,-7.581630000171207],[110.829834999632851,-7.582061000255925],[110.828477000327652,-7.581553000149155],[110.82771899997401,-7.581300999830968],[110.826924000374063,-7.583254000261348],[110.826919999813171,-7.583263000037626],[110.826822999632185,-7.583498000164233],[110.82604499965916,-7.583207000200446],[110.826039999950382,-7.583205000008424],[110.825993000011039,-7.583187000190662],[110.825215999897338,-7.582890000063026],[110.825218000345473,-7.58288399995525],[110.825223000155418,-7.582870000138635],[110.825431999713928,-7.582318999730423],[110.825807000159543,-7.581301999976143],[110.825810000405639,-7.581294000262574],[110.826055999551286,-7.580632999674481],[110.825349000245865,-7.580471999946039],[110.824190000443025,-7.580161000200607],[110.823144000348549,-7.579901999966896],[110.823355000127336,-7.579067999626341],[110.823837999954677,-7.577078000134216],[110.824190000116019,-7.575606000167034],[110.824192999848918,-7.575597000008393],[110.824250000026765,-7.575365999620135],[110.825820999746853,-7.575689000236972],[110.827561000334086,-7.576037000256874],[110.827696000002007,-7.57608300038959],[110.827723000131542,-7.576025999674541],[110.827822999631238,-7.575695000252855],[110.827825000292819,-7.575685999672611],[110.827878999678759,-7.575525999956058],[110.827881000054006,-7.575519999832418],[110.827897999614848,-7.575468999684105],[110.827801999800101,-7.575412000093922],[110.827700000083368,-7.575354000369391],[110.828249999899427,-7.573512000142975],[110.82907999961337,-7.573769000006597]]]]}},
{"type":"Feature","properties":{"OBJECTID_1":383,"PROVINSI":"Provinsi Jawa Tengah","KABUPATEN":"Kota Surakarta","KECAMATAN":"Kecamatan Banjarsari","KELURAHAN":"Kelurahan Banyuanyar","SUMBER":"Peraturan Walikota Surakarta Provinsi Jawa Tengah Nomor :146.3/12.2 Tahun 2020 Tanggal 4 Februari 2020 tentang Batas Wilayah Kecamatan dan Kelurahan Kota Surakarta","Shape_Leng":5293.0514178900003,"Shape_Area":1472960.9697799999,"luas":147.41231849},"geometry":{"type":"MultiPolygon","coordinates":[[[[110.804541655399461,-7.532547529792705],[110.804606665813452,-7.532562526722618],[110.804632631677592,-7.532560544633376],[110.804645597931597,-7.532559350052455],[110.804645905227289,-7.532559322147845],[110.804685140291937,-7.53255570779733],[110.804792449531547,-7.532524588674098],[110.804922261994776,-7.532485452392143],[110.80502891846568,-7.53240791490108],[110.805057975871463,-7.532386353836608],[110.805125889815571,-7.532335962412839],[110.805125937873029,-7.532335926251426],[110.805191875072168,-7.532305348547254],[110.805194833373761,-7.532304029190565],[110.805236297643717,-7.532285540124728],[110.805320052423724,-7.532275910218778],[110.805360164785085,-7.532272535908004],[110.80536066243927,-7.532272493614365],[110.805389594355134,-7.53227006051267],[110.805516298041297,-7.532231980112198],[110.805570929677287,-7.532208421317209],[110.805634290183107,-7.532181097949371],[110.805731182131979,-7.532179225960339],[110.805794811442567,-7.532179254177814],[110.80585279556351,-7.532187171354384],[110.805938167163248,-7.532202526275696],[110.806065910367678,-7.532256422876118],[110.806108466067528,-7.532274377535383],[110.806284594844712,-7.532347140401623],[110.806384585368633,-7.532387416280629],[110.806391677955091,-7.532390145790608],[110.806402413807504,-7.532394277185644],[110.806406845541417,-7.532395982450286],[110.806407789890557,-7.532396345600369],[110.806549028995107,-7.532450697598803],[110.806658962654893,-7.532559720623925],[110.80666083634965,-7.532561578533783],[110.806788513999024,-7.532688199632933],[110.807027288798238,-7.532902749566102],[110.807142314488615,-7.533111499969147],[110.807249957890647,-7.533273835403303],[110.807277854896796,-7.533375591933227],[110.807305573829979,-7.533437275016485],[110.807306866285117,-7.533472447989996],[110.807308047589515,-7.533531466290686],[110.807306517390103,-7.533539955009085],[110.807297240770822,-7.533591441778817],[110.807295481250804,-7.53362452475642],[110.807285983293482,-7.533688687170929],[110.807272073477748,-7.533829188847765],[110.807237881975595,-7.533934853832826],[110.807225839601813,-7.534052361248648],[110.807244291484153,-7.534174673596333],[110.807245624583743,-7.534183507311286],[110.807255419115563,-7.534268714899903],[110.807297349983273,-7.534359679748291],[110.807351819918352,-7.53445222496643],[110.807427342275915,-7.534507304902863],[110.807542444831981,-7.534543256092371],[110.807601424656099,-7.53456948922055],[110.807672173386308,-7.534571913794995],[110.807755633036649,-7.534576737431808],[110.807863392825453,-7.534546195784054],[110.808033870962717,-7.534497878763634],[110.808295930217866,-7.534388909639426],[110.808381007382081,-7.534353532952957],[110.808362683753487,-7.534328470146798],[110.808304276805018,-7.534248581881677],[110.808252594438301,-7.534202460543352],[110.808245439060528,-7.534196074762197],[110.808262812532149,-7.534196834972388],[110.80835799997817,-7.534200999673407],[110.808468000162307,-7.534206000324136],[110.808653999894048,-7.534220000264913],[110.808914999602152,-7.534196999754427],[110.809120000381554,-7.534192000053017],[110.809282000160522,-7.53420200010967],[110.809433999608302,-7.534240000347144],[110.809587000029993,-7.534292000098095],[110.809758000325459,-7.534377999561053],[110.809882000346974,-7.534472999833916],[110.809928999723425,-7.534538999598413],[110.809971999688329,-7.53461999992127],[110.809995999749177,-7.534705000146668],[110.810024999635047,-7.534833999936192],[110.810020000168407,-7.534991000419728],[110.809990999774726,-7.535171000041745],[110.809953000162139,-7.535299000147916],[110.809852999692865,-7.535617999575435],[110.809676000290452,-7.536254000192129],[110.80958600009059,-7.536591999857137],[110.809494999867454,-7.537038000220159],[110.809442999769388,-7.53727599985646],[110.80939000032275,-7.537604000162267],[110.809347000315867,-7.537874999703449],[110.809357000189209,-7.538012000306225],[110.809385000183156,-7.538192999803988],[110.809446999765115,-7.538226000194079],[110.809532999880346,-7.538283000221969],[110.809655999895838,-7.538330999571734],[110.809760999808447,-7.53836399962205],[110.809879999827942,-7.538393000292878],[110.809961000295445,-7.538411999787089],[110.810109000130055,-7.538421000277265],[110.810317999695684,-7.538454999629494],[110.810490000247555,-7.5384690000023],[110.810712999937678,-7.5384740001855],[110.81093699955656,-7.538530999906391],[110.81121799999859,-7.538601999716188],[110.811351000153437,-7.538620999673744],[110.811488999616202,-7.53864999995957],[110.81160399995531,-7.538693000285937],[110.811688999781154,-7.538730999873913],[110.811765999562979,-7.538782999656787],[110.811842000320112,-7.538850000389997],[110.811899000105541,-7.538921000189773],[110.811937000292104,-7.538997000423173],[110.812012999836085,-7.539130000381777],[110.812079999548047,-7.539277000114742],[110.812137000423078,-7.539434000091897],[110.812203000000693,-7.539563000238075],[110.812256000348498,-7.539680999745975],[110.812297999799995,-7.539790999936832],[110.812360000011168,-7.539952000229825],[110.812397999935826,-7.54010900016499],[110.812422000275561,-7.540232999895879],[110.812445999750963,-7.5404180002221],[110.812440999970534,-7.540508000101738],[110.812435999869237,-7.540583999947607],[110.812431000014385,-7.540651000224197],[110.812402999797456,-7.540721999694128],[110.812365000363471,-7.540849999982903],[110.812303000304652,-7.540963999888377],[110.812260000422896,-7.541055000194963],[110.812211999617972,-7.541188000256957],[110.812154999735768,-7.541353999690773],[110.812111999563484,-7.541434999956286],[110.812055000326382,-7.541529999662501],[110.811974000051833,-7.541677000019197],[110.811926000083062,-7.541771999955778],[110.811897999707668,-7.541843000290514],[110.811874000005318,-7.541915000084408],[110.811840000397638,-7.54199500011635],[110.811849999973717,-7.542057000035407],[110.811864000369638,-7.542104999833962],[110.811863999666329,-7.542156999951537],[110.811883000402077,-7.542219000122552],[110.811893000074235,-7.542285000049329],[110.811874000372839,-7.542399000276958],[110.811850000372175,-7.542479999634706],[110.811811999559012,-7.542537000149909],[110.811768999601782,-7.542594000319284],[110.811754000227211,-7.542650999871575],[110.811739999714959,-7.542727000347753],[110.811734999642169,-7.542855000290203],[110.811695999913866,-7.543023000157316],[110.811711000163797,-7.543114999582341],[110.811713999551515,-7.543197000150365],[110.811725000370885,-7.543282999648542],[110.811702999583645,-7.543389999910961],[110.811667999885458,-7.543442999883031],[110.81165299988362,-7.543472000271517],[110.811625000208636,-7.543496999574519],[110.811582000376404,-7.543521999650187],[110.811513999579816,-7.543556999824176],[110.811385999810724,-7.54360699992872],[110.811163999823449,-7.543707000231473],[110.811088000091203,-7.543753000073184],[110.810899999878416,-7.543866999575256],[110.810731999756257,-7.544052000111187],[110.810675000161851,-7.544162999644175],[110.810638999951024,-7.544262999645426],[110.810641000141473,-7.54434099977074],[110.810641000251906,-7.54434699978336],[110.810641999735267,-7.544401999879185],[110.810657000118113,-7.544462000167962],[110.810674000315046,-7.544530000434146],[110.810703000306987,-7.544597999562293],[110.810770999960411,-7.544708000276725],[110.810814000267882,-7.54477200002009],[110.810841999593791,-7.5448899997151],[110.810852999631976,-7.54499000015878],[110.81085199996852,-7.545023000247284],[110.810465999744039,-7.545015999984761],[110.80932800001888,-7.544676999812479],[110.809020999763376,-7.544592999551496],[110.808766999668947,-7.54453600014967],[110.808499999975069,-7.544475000328819],[110.808256999977132,-7.544418000023353],[110.808032000083941,-7.544353999783806],[110.807814000086836,-7.544261000188544],[110.807703000242711,-7.544215000150898],[110.807600000169302,-7.544225999644788],[110.807394000257034,-7.544188000253413],[110.807184999965401,-7.544148000343691],[110.806513000236521,-7.543981999927985],[110.806110999696131,-7.543855999851865],[110.805624000312818,-7.543727999630213],[110.805492000066337,-7.54370599969968],[110.805152000107185,-7.543614999702958],[110.804638000099644,-7.54350000040995],[110.804187999797918,-7.543381999773366],[110.802528000026854,-7.542975000361882],[110.80194899969338,-7.542830999750325],[110.8017459996029,-7.54277699996157],[110.801282000145122,-7.542664000435437],[110.801132000006021,-7.54263200005313],[110.800885999907919,-7.542572999757724],[110.800476000078078,-7.542469000007793],[110.800116999628926,-7.542380999692255],[110.799756000140292,-7.542292000430173],[110.79937800022546,-7.542193000297976],[110.799053999908722,-7.542118000265836],[110.798737999711918,-7.542037999599074],[110.798475999985797,-7.541974000092636],[110.798199999715663,-7.541900999838958],[110.798167802419826,-7.541892885470165],[110.798204883864258,-7.541779360119557],[110.798260132860136,-7.541592705086634],[110.798303333745721,-7.541445911578259],[110.798387685418064,-7.541159296924659],[110.798439568740903,-7.540987957383469],[110.798455556218514,-7.540936382579466],[110.798555341008395,-7.54061448954427],[110.798643500983545,-7.54031083810417],[110.798683940426173,-7.54019371677045],[110.798694655867905,-7.540157903461557],[110.798701192878454,-7.540135109508135],[110.798790744390843,-7.539822878824744],[110.79883558734933,-7.539674238866827],[110.798915858841397,-7.539408169492033],[110.798999448808871,-7.53913019748544],[110.799029712272954,-7.539032563099314],[110.799084478377523,-7.53885165081126],[110.799121942914027,-7.538741669633837],[110.799172684215748,-7.538570760022808],[110.799182474591632,-7.538537784812161],[110.799283390958337,-7.538177304935692],[110.799287754541538,-7.538161719393048],[110.799378551336204,-7.537855890750339],[110.799467913803582,-7.537542595106081],[110.799545500913709,-7.53729136923293],[110.799554381933987,-7.537262613411682],[110.799563717767981,-7.53723237068588],[110.799612879752203,-7.537073117469462],[110.799676538261664,-7.536849368728186],[110.799705054589651,-7.536759815807986],[110.799728115322623,-7.536679410111939],[110.799799213220894,-7.5364234439756],[110.799840670211424,-7.536258279454442],[110.79985567670326,-7.536198495160479],[110.799873396835011,-7.536143224100138],[110.799883296722143,-7.536112347519267],[110.799916094995083,-7.536007029886556],[110.799956553135701,-7.535877115071549],[110.800020206448878,-7.535663897257943],[110.800077853572617,-7.535472456015412],[110.800159929013631,-7.535216484858266],[110.80021634204283,-7.535035584883749],[110.800360321954514,-7.534573883040636],[110.800463186433589,-7.534276085834343],[110.800486159852341,-7.534209577853743],[110.800539952952619,-7.534054513857734],[110.800555326705677,-7.533999951778488],[110.800563974144396,-7.533970278588756],[110.800572552035021,-7.533918257063873],[110.800575037287857,-7.533898901304999],[110.800581216763291,-7.533850768337898],[110.800585012980889,-7.533709946628055],[110.800589431149959,-7.533709575957196],[110.80064957137057,-7.533704525083722],[110.80063891181355,-7.533600970497881],[110.800634318929198,-7.53355325686814],[110.800677780829687,-7.533547695456104],[110.800787525052627,-7.533532946629731],[110.800817334317955,-7.533528940280485],[110.80096724225109,-7.533497894852022],[110.801273194359737,-7.533398683978658],[110.801280858626811,-7.533396029830094],[110.801546992852806,-7.533303874428496],[110.801641806153455,-7.533271042597825],[110.801707408415439,-7.533244293417721],[110.801758160574295,-7.533209276068111],[110.801808519575914,-7.533127838717325],[110.801820558292121,-7.53309931312384],[110.801830866561389,-7.533074886258039],[110.801866871250084,-7.532975240646739],[110.801952107661236,-7.532739342019098],[110.80203336539013,-7.53248795714223],[110.802059671854593,-7.532406573108635],[110.802141612081201,-7.532208971533228],[110.802252299137606,-7.531983144955207],[110.802297814161648,-7.531947113862438],[110.802324610439129,-7.531926809313255],[110.80242491072913,-7.531870478143504],[110.802543634472983,-7.53180387300768],[110.802661960288347,-7.531763241484311],[110.802794939142331,-7.531717525605219],[110.802841055149102,-7.531707376283509],[110.802897214466725,-7.531695270368369],[110.802964583762318,-7.531693065485427],[110.802968775179082,-7.531692962440683],[110.80301695018295,-7.531691781934362],[110.803072166204842,-7.531697054173082],[110.803145020846301,-7.531703810590716],[110.803187460093071,-7.531716288305546],[110.803251453230857,-7.531735476753645],[110.803333066576613,-7.531774887532342],[110.803426214509315,-7.531820016737584],[110.803550982684243,-7.53191542163998],[110.803634958890001,-7.531979634022209],[110.803837680158836,-7.53213516980592],[110.804134101690877,-7.53231973616926],[110.804283919706904,-7.532412946727808],[110.804425341963537,-7.532500934117691],[110.804474905614214,-7.532524260687425],[110.804541655399461,-7.532547529792705]]]]}},
{"type":"Feature","properties":{"OBJECTID_1":384,"PROVINSI":"Provinsi Jawa Tengah","KABUPATEN":"Kota Surakarta","KECAMATAN":"Kecamatan Laweyan","KELURAHAN":"Kelurahan Bumi","SUMBER":"Peraturan Walikota Surakarta Provinsi Jawa Tengah Nomor :146.3/12.2 Tahun 2020 Tanggal 4 Februari 2020 tentang Batas Wilayah Kecamatan dan Kelurahan Kota Surakarta","Shape_Leng":2801.9199774099998,"Shape_Area":357089.58813799999,"luas":35.73712016},"geometry":{"type":"MultiPolygon","coordinates":[[[[110.80516200008276,-7.569320999672749],[110.805092000255144,-7.569437000112621],[110.804915999849428,-7.569759999824047],[110.804862999790842,-7.569869999685042],[110.804834999888541,-7.569917000293128],[110.80481500007231,-7.569983999970863],[110.804777000227006,-7.57012600022292],[110.804676999614117,-7.570600999562648],[110.804600999961977,-7.570977000074576],[110.804577000253317,-7.571119000243861],[110.804533999976272,-7.571305000052549],[110.804425000374835,-7.571308000449171],[110.804411000131026,-7.571515000150493],[110.804385000039119,-7.571825000392534],[110.80434999977345,-7.571863999623476],[110.804331999987468,-7.571913999706501],[110.804282000087497,-7.572230999562653],[110.804227999895105,-7.572458999830961],[110.804035053209645,-7.573537700515732],[110.804034891933142,-7.573537512292957],[110.803992142757281,-7.57348770018865],[110.803957325510069,-7.573446303231322],[110.803912707654462,-7.573393252828211],[110.803837510001387,-7.573318149748179],[110.803795437238918,-7.573276129882097],[110.803647881329894,-7.573177875218536],[110.803549823453992,-7.573113835513604],[110.803549509889152,-7.573113630939769],[110.803390623033749,-7.572966277440694],[110.803193852943778,-7.572898212096319],[110.803016006600473,-7.572830155220404],[110.802962864107684,-7.572808745385049],[110.802781403105485,-7.572735638384133],[110.802703580713811,-7.572697877222538],[110.80264897018715,-7.572671378487664],[110.802490055389313,-7.572584448014974],[110.802471746513774,-7.572556184617311],[110.802448454358739,-7.572520229223768],[110.802426829574571,-7.572485669429523],[110.802410635446989,-7.57245978871682],[110.802391830737491,-7.57241953141892],[110.802384169023497,-7.572403129928559],[110.802375063904549,-7.572387213536628],[110.802353916154502,-7.572350245089613],[110.802346013664646,-7.572331070987303],[110.802327453185754,-7.572286034058139],[110.80230100571265,-7.572187833875068],[110.80226320578231,-7.572085851965739],[110.802200604927421,-7.571887115206679],[110.802198995462589,-7.571882001855544],[110.802198961970774,-7.571881893292149],[110.80217251273578,-7.571783694004595],[110.802134705979796,-7.57169681837301],[110.802096887181278,-7.57163637783954],[110.802067207815952,-7.571604265750199],[110.802051494680057,-7.571587263581763],[110.802021423220083,-7.57155422593783],[110.802013894709546,-7.571545954762299],[110.802013667286687,-7.5715457049981],[110.801881231398013,-7.571488998021624],[110.801707160215557,-7.571443600876732],[110.801487668108976,-7.571409513598262],[110.801211413098329,-7.571364068792684],[110.801075170145552,-7.571356454381077],[110.801022115188644,-7.571354312565006],[110.800980556515483,-7.571352634609077],[110.800897295324219,-7.571352596576312],[110.80086276277703,-7.571363460945591],[110.800825376995206,-7.571375223148937],[110.80068533288528,-7.571405370796898],[110.800598251593641,-7.571436923008268],[110.800560419802849,-7.571450630710894],[110.800446860867837,-7.571495896692396],[110.80035601977761,-7.571518513615985],[110.800265176939902,-7.571544907092225],[110.800242583210647,-7.571547971363545],[110.800181910497841,-7.571556198637345],[110.800095207759469,-7.571558905141575],[110.799943476606018,-7.571563641481778],[110.799723970655833,-7.571559764986539],[110.799535000242557,-7.571570991532124],[110.799534734624828,-7.571571006787587],[110.799428750245582,-7.57160494626701],[110.799284911609377,-7.571653973671242],[110.79926906178855,-7.571660291111645],[110.799171352496245,-7.571699239315056],[110.79909185324108,-7.571748296301005],[110.799000984042536,-7.571831337178516],[110.798910121811033,-7.571899270845308],[110.798864357463671,-7.57194904168093],[110.798826817594502,-7.5719898674152],[110.798766567939523,-7.572068897047102],[110.798754866685044,-7.57208424578373],[110.798660217879714,-7.572155955123192],[110.798637937161246,-7.57217008865568],[110.798576932000771,-7.572208786833013],[110.798489870141168,-7.57224273482386],[110.798423756259879,-7.572253120346252],[110.798417956812415,-7.572254031277161],[110.798221180856274,-7.572201069094144],[110.798221049436236,-7.572201013854637],[110.798221001399824,-7.572200993931892],[110.797736845904879,-7.57199691688978],[110.797574144130991,-7.571917535134701],[110.79744927819948,-7.57186083034071],[110.797449060668129,-7.571860757874152],[110.797526999740143,-7.571549999857266],[110.797574000319131,-7.571365000416352],[110.797588000307755,-7.571286000126395],[110.797616999759413,-7.571055000451454],[110.797626999661475,-7.57087600009721],[110.797631999681201,-7.570729000137635],[110.797808999994814,-7.570716000424611],[110.797865000295317,-7.570710000168002],[110.797857999758975,-7.570561000063702],[110.797830999575595,-7.570379000174219],[110.797791000427139,-7.570266000143056],[110.797763999919084,-7.57018400026541],[110.797755999571123,-7.570102999705108],[110.797747999984821,-7.570068999605406],[110.797751000239614,-7.570023000084889],[110.797766999567855,-7.569971999810635],[110.797343999744456,-7.569813999605947],[110.797944999782402,-7.567860999992369],[110.798245999683402,-7.566962999789437],[110.798248999908651,-7.566951999816953],[110.799265000232708,-7.567200000268752],[110.799430999752644,-7.567257000247663],[110.799671000151548,-7.567317000250912],[110.800549999750928,-7.567538000346268],[110.801851999839215,-7.567879000340477],[110.801968999825363,-7.567909000146285],[110.802306999973013,-7.56823299994016],[110.802715999979995,-7.568398999870968],[110.803411000392614,-7.568661000098135],[110.804540000092715,-7.569040999641516],[110.805064000332337,-7.569245999681146],[110.80516200008276,-7.569320999672749]]]]}},
{"type":"Feature","properties":{"OBJECTID_1":385,"PROVINSI":"Provinsi Jawa Tengah","KABUPATEN":"Kota Surakarta","KECAMATAN":"Kecamatan Serengan","KELURAHAN":"Kelurahan Danukusuman","SUMBER":"Peraturan Walikota Surakarta Provinsi Jawa Tengah Nomor :146.3/12.2 Tahun 2020 Tanggal 4 Februari 2020 tentang Batas Wilayah Kecamatan dan Kelurahan Kota Surakarta","Shape_Leng":2964.6785152299999,"Shape_Area":530223.48185099999,"luas":53.064308057799998},"geometry":{"type":"MultiPolygon","coordinates":[[[[110.825808000094995,-7.583656000420412],[110.825537000371853,-7.584400999840854],[110.824734000057077,-7.586539999847208],[110.824344000302162,-7.587513000319086],[110.823975000041401,-7.588465999798146],[110.823674999677763,-7.589194999570109],[110.823268000184939,-7.590288999727154],[110.823093999836658,-7.590768999828187],[110.822855999906764,-7.591427000104147],[110.822769000050215,-7.591404000355486],[110.822606999792839,-7.591350999819919],[110.822493999852369,-7.591310000249115],[110.82202500035406,-7.591144000142381],[110.821495999720781,-7.590940000207797],[110.821025000150101,-7.590725999998957],[110.819815999648952,-7.590111999563964],[110.819339000358895,-7.589845999570596],[110.818620999809809,-7.589441999834051],[110.817788081803471,-7.588932049341445],[110.817788198827913,-7.58893186304938],[110.817788116353583,-7.588931809645282],[110.817908000404984,-7.588735999986024],[110.818059999804959,-7.588378999669549],[110.81833199998843,-7.587771000005911],[110.818852000296971,-7.586635999616737],[110.81941400045261,-7.585271999930889],[110.819910000004398,-7.583852000034446],[110.820471999776913,-7.582136999688151],[110.824954999558685,-7.583409000194115],[110.825808000094995,-7.583656000420412]]]]}},
{"type":"Feature","properties":{"OBJECTID_1":386,"PROVINSI":"Provinsi Jawa Tengah","KABUPATEN":"Kota Surakarta","KECAMATAN":"Kecamatan Pasar Kliwon","KELURAHAN":"Kelurahan Gajahan","SUMBER":"Peraturan Walikota Surakarta Provinsi Jawa Tengah Nomor :146.3/12.2 Tahun 2020 Tanggal 4 Februari 2020 tentang Batas Wilayah Kecamatan dan Kelurahan Kota Surakarta","Shape_Leng":3792.4562396299998,"Shape_Area":311388.442324,"luas":31.163458143700002},"geometry":{"type":"MultiPolygon","coordinates":[[[[110.827700000083368,-7.575354000369391],[110.827801999800101,-7.575412000093922],[110.827897999614848,-7.575468999684105],[110.827881000054006,-7.575519999832418],[110.827878999678759,-7.575525999956058],[110.827825000292819,-7.575685999672611],[110.827822999631238,-7.575695000252855],[110.827723000131542,-7.576025999674541],[110.827696000002007,-7.57608300038959],[110.827561000334086,-7.576037000256874],[110.825820999746853,-7.575689000236972],[110.824250000026765,-7.575365999620135],[110.824192999848918,-7.575597000008393],[110.824190000116019,-7.575606000167034],[110.823837999954677,-7.577078000134216],[110.823355000127336,-7.579067999626341],[110.823144000348549,-7.579901999966896],[110.824190000443025,-7.580161000200607],[110.825349000245865,-7.580471999946039],[110.826055999551286,-7.580632999674481],[110.825810000405639,-7.581294000262574],[110.825807000159543,-7.581301999976143],[110.825431999713928,-7.582318999730423],[110.825223000155418,-7.582870000138635],[110.825218000345473,-7.58288399995525],[110.825215999897338,-7.582890000063026],[110.825993000011039,-7.583187000190662],[110.825992000193395,-7.583188999793133],[110.82581199965945,-7.583626999727784],[110.825808000094995,-7.583656000420412],[110.824954999558685,-7.583409000194115],[110.820471999776913,-7.582136999688151],[110.820966000191561,-7.580667000060448],[110.821796999815888,-7.578161000006149],[110.821805999798542,-7.578137000043465],[110.822335000446998,-7.576578000381277],[110.82283800008706,-7.575097999813678],[110.823042000215267,-7.574519999626543],[110.823105999835164,-7.574312000001441],[110.823112999725424,-7.574294999653987],[110.825274000027946,-7.574828999682647],[110.826961000184809,-7.575188000227981],[110.82727299994616,-7.57525800024931],[110.827700000083368,-7.575354000369391]]]]}},
{"type":"Feature","properties":{"OBJECTID_1":387,"PROVINSI":"Provinsi Jawa Tengah","KABUPATEN":"Kota Surakarta","KECAMATAN":"Kecamatan Jebres","KELURAHAN":"Kelurahan Gandekan","SUMBER":"Peraturan Walikota Surakarta Provinsi Jawa Tengah Nomor :146.3/12.2 Tahun 2020 Tanggal 4 Februari 2020 tentang Batas Wilayah Kecamatan dan Kelurahan Kota Surakarta","Shape_Leng":2342.8998378000001,"Shape_Area":344162.36816200003,"luas":34.443518396999998},"geometry":{"type":"MultiPolygon","coordinates":[[[[110.838098999919168,-7.568056000418062],[110.838552999711581,-7.568222999582342],[110.840474000089245,-7.568915000218407],[110.840355999818399,-7.569432000374794],[110.840355999991786,-7.56950300009907],[110.840373999972471,-7.569684999906168],[110.840391999720723,-7.569773999933678],[110.840416999765125,-7.569870000279145],[110.840548999554741,-7.570241000204451],[110.840727000185026,-7.57075000005258],[110.840798000352905,-7.570970999849433],[110.84081299979988,-7.571067000135022],[110.840820000262767,-7.571296000082407],[110.840808999603951,-7.571594999952689],[110.840794000161381,-7.571998000415371],[110.84075099991901,-7.572732000012192],[110.840733000244299,-7.573187999929276],[110.840697000031597,-7.573864999642898],[110.840690000099912,-7.573999999654729],[110.840676000114897,-7.574100000191323],[110.84065099999043,-7.574228000385428],[110.840571999802293,-7.57448899966282],[110.840467999794456,-7.574851999945062],[110.840329000044079,-7.575223000045776],[110.840255000237775,-7.575456000112824],[110.839795000376895,-7.575297999967795],[110.838939000212733,-7.575040000322768],[110.838552999705669,-7.574956999714022],[110.838315000191912,-7.574923000010423],[110.838140999651088,-7.574896999557202],[110.837108000317514,-7.57455999957512],[110.836698999588563,-7.57437500028329],[110.836501999862861,-7.574283999921718],[110.836381000025412,-7.57422399959482],[110.836259999743262,-7.57404999990238],[110.836120000110483,-7.573713999929025],[110.836078999602151,-7.573340000002432],[110.836101999713279,-7.573132000075594],[110.836138000209772,-7.572989000197609],[110.836173000104722,-7.572855000410414],[110.836332999838433,-7.572225999938865],[110.836371000007333,-7.57201800018979],[110.836341000004495,-7.571523999601665],[110.836298999824905,-7.571194999835139],[110.836178999897243,-7.570949999880658],[110.836342000146075,-7.570235000269752],[110.8363879997342,-7.57018199978087],[110.836745999755408,-7.568746000441624],[110.836852999754399,-7.568349999763577],[110.8370140000997,-7.567701999637845],[110.838095999725624,-7.568054999753742],[110.838098999919168,-7.568056000418062]]]]}},
{"type":"Feature","properties":{"OBJECTID_1":388,"PROVINSI":"Provinsi Jawa Tengah","KABUPATEN":"Kota Surakarta","KECAMATAN":"Kecamatan Banjarsari","KELURAHAN":"Kelurahan Gilingan","SUMBER":"Peraturan Walikota Surakarta Provinsi Jawa Tengah Nomor :146.3/12.2 Tahun 2020 Tanggal 4 Februari 2020 tentang Batas Wilayah Kecamatan dan Kelurahan Kota Surakarta","Shape_Leng":6653.7027085500004,"Shape_Area":1276940.3204399999,"luas":127.795081674},"geometry":{"type":"MultiPolygon","coordinates":[[[[110.836465000107125,-7.553978000414305],[110.838242000193787,-7.554125000008678],[110.838770999603341,-7.554131999792544],[110.839130999960346,-7.554122000440586],[110.839076000346921,-7.554657000389045],[110.839069000353916,-7.554694000185782],[110.838909000403291,-7.554712000049737],[110.838682000191156,-7.554741999571396],[110.838416000058615,-7.554798999554468],[110.837830999638285,-7.554943000247787],[110.837461999944196,-7.555044999963292],[110.837407999780922,-7.555054000241327],[110.837291000361347,-7.555307999939637],[110.837096000415627,-7.555641000141842],[110.837014000200028,-7.555750000168385],[110.836881999970245,-7.556029999644466],[110.836723000288288,-7.556392999622191],[110.836075000089096,-7.556268999793273],[110.835945999921208,-7.556649000376318],[110.835908999748881,-7.556739999848416],[110.835777000014517,-7.556931999611532],[110.835552000222307,-7.557225000325381],[110.835474999738494,-7.557263999918137],[110.835410000244352,-7.557283999897654],[110.835300999976937,-7.557278999934735],[110.835071999581842,-7.557287000345136],[110.834822999865509,-7.557279000261163],[110.834522000043663,-7.557263999757528],[110.834457000020009,-7.557271000010453],[110.834400000320656,-7.5572790001251],[110.834314999967788,-7.557306000061486],[110.834035999773334,-7.557398000175124],[110.833279999855705,-7.557345999637046],[110.83306800007152,-7.557332],[110.832214000344806,-7.557265999902053],[110.832125000088226,-7.5577069998669],[110.832254000269387,-7.557818000447143],[110.832088999574282,-7.559053999915312],[110.831712999623136,-7.559003999711599],[110.830055999872414,-7.55876400025848],[110.829488999619542,-7.55867100007447],[110.828150000044801,-7.558461000016401],[110.82543899978657,-7.558036000231667],[110.82425800026104,-7.557851999963954],[110.824274000364341,-7.557566000341136],[110.824273999582431,-7.557096999741512],[110.824242000417158,-7.556874999928338],[110.82422899964098,-7.556784999918299],[110.824091000155377,-7.556231000069959],[110.824085999888354,-7.556210999818935],[110.824084000170757,-7.556210999917846],[110.823114999950377,-7.5564409997301],[110.820882000151201,-7.556921999939591],[110.820081999993761,-7.557093999707977],[110.818291999995736,-7.55752200004468],[110.818284000267653,-7.557524000337041],[110.818282000389758,-7.55748099987445],[110.818263000335989,-7.557366000337971],[110.818228000290389,-7.557264999593271],[110.818196000257828,-7.557150000067981],[110.818148000246836,-7.557061999807835],[110.818094999908752,-7.556944000114913],[110.818096000257853,-7.556919000031091],[110.818099999979296,-7.556810000129563],[110.818104999766788,-7.556642000076968],[110.818096999706981,-7.556530000143983],[110.818070999550443,-7.556237999594464],[110.818060000144612,-7.556040999598814],[110.818040999718136,-7.555899000446719],[110.818030999894887,-7.555824000201724],[110.81801500022803,-7.555781000232981],[110.817968999555944,-7.555690000327069],[110.817830000403589,-7.555493000315654],[110.817570000329781,-7.55519299972832],[110.817414999892549,-7.555014000175899],[110.817347000041707,-7.554955000117042],[110.817299999846767,-7.554921999839545],[110.817260999582672,-7.55490799977634],[110.81719100011216,-7.554892000299007],[110.817123000068236,-7.554881000300864],[110.817080999798122,-7.554880999897663],[110.817031999633869,-7.554881000176065],[110.816971000364006,-7.554882999946984],[110.816897999882201,-7.554891999666594],[110.816817999988629,-7.554901999605983],[110.816691999577031,-7.554928999705818],[110.816551999754935,-7.554982999820465],[110.816477999845759,-7.555020999557756],[110.816377999575991,-7.555073000136792],[110.816256000048611,-7.555150000077735],[110.816139000060176,-7.555221999817348],[110.81602600036463,-7.555294000305206],[110.815958000405601,-7.555317000189435],[110.815893000073842,-7.555326999946146],[110.815781999943198,-7.555335000187068],[110.81569300003973,-7.555334999720356],[110.815616000342089,-7.55533899978721],[110.815556000437994,-7.55534200023488],[110.815479000449457,-7.555336000258741],[110.815386999612585,-7.555320000240991],[110.815343999725101,-7.555298000110836],[110.815312000072765,-7.555276000106114],[110.815269999822078,-7.555246000376735],[110.815226000262172,-7.555197999764063],[110.815201999867966,-7.555158000388933],[110.815174000311259,-7.55511099975922],[110.815166000167963,-7.555064999906005],[110.815151999986298,-7.555019000226636],[110.815139999575109,-7.554974999587887],[110.815117999593255,-7.554927000135524],[110.815096000186486,-7.554866999755347],[110.81507500007001,-7.554818999819597],[110.815048999978345,-7.554762000009982],[110.814996000445348,-7.554698000056227],[110.814949000444045,-7.554647999950839],[110.814878000427939,-7.554601999625687],[110.814802999621719,-7.554554999852295],[110.81472100010501,-7.554483999766268],[110.814666999893277,-7.554420000253764],[110.814624000168948,-7.554349000415951],[110.814599000174837,-7.554280999627533],[110.814581999546959,-7.554199000398528],[110.814566999961741,-7.554099000175472],[110.814571000262802,-7.554014000357801],[110.814578000282651,-7.553935000015361],[110.814588999598456,-7.553834999973782],[110.814628000105571,-7.553713999564812],[110.814657000362629,-7.55359700034285],[110.814688999942462,-7.553471999661496],[110.814717999828289,-7.553325999925474],[110.814754000051849,-7.553197999571237],[110.81478599972273,-7.553062000214797],[110.814840999565945,-7.552925999749714],[110.814898000202518,-7.55279800013944],[110.814998000114073,-7.552665000179192],[110.815116999631584,-7.55254099965962],[110.815226999900673,-7.552446000331667],[110.815469999629101,-7.55228999961222],[110.815640999924312,-7.552190000147258],[110.815837000362777,-7.552056999778424],[110.816018000177962,-7.551952000294989],[110.816226999603487,-7.551872000352695],[110.816469999950812,-7.551786000107363],[110.816693999644514,-7.551733999964976],[110.816845999672935,-7.551720000363939],[110.817089000211453,-7.55171500039283],[110.817269999908575,-7.551715000149779],[110.817450999607502,-7.551714999831747],[110.817550999882329,-7.551729999573728],[110.817789000400083,-7.551768000383729],[110.817959999967599,-7.551810999847983],[110.818137000337217,-7.55186300040668],[110.818356000188217,-7.551925000289311],[110.818488999554347,-7.551962999566679],[110.818656000275055,-7.551991999783169],[110.819294000201566,-7.550480999767282],[110.819826999745089,-7.550780000294439],[110.820394000035947,-7.55105099962405],[110.821019999628149,-7.551329999808218],[110.821569999934795,-7.551548999596842],[110.822187999824379,-7.551844999883389],[110.822940999731827,-7.552200000366566],[110.823289000018121,-7.552327000013515],[110.823771000007724,-7.552436999601042],[110.824159999810931,-7.552513000049854],[110.824506999806843,-7.552563999957223],[110.825041000123605,-7.552581000266621],[110.825642000085608,-7.552564999902811],[110.826089999735231,-7.552581999874961],[110.826538999753552,-7.552616000281719],[110.82702200024697,-7.552674999737321],[110.827504000124819,-7.552718000033749],[110.827782999996145,-7.5527850003865],[110.828494000338267,-7.55289499999054],[110.829138000366569,-7.553039000375645],[110.830035000093844,-7.553174999716959],[110.831313000444339,-7.553352999917164],[110.833091000093319,-7.553564000145308],[110.836429999990543,-7.553975000415245],[110.836465000107125,-7.553978000414305]]]]}},
{"type":"Feature","properties":{"OBJECTID_1":389,"PROVINSI":"Provinsi Jawa Tengah","KABUPATEN":"Kota Surakarta","KECAMATAN":"Kecamatan Jebres","KELURAHAN":"Kelurahan Jagalan","SUMBER":"Peraturan Walikota Surakarta Provinsi Jawa Tengah Nomor :146.3/12.2 Tahun 2020 Tanggal 4 Februari 2020 tentang Batas Wilayah Kecamatan dan Kelurahan Kota Surakarta","Shape_Leng":3347.42771739,"Shape_Area":619576.66675400001,"luas":62.006807126799998},"geometry":{"type":"MultiPolygon","coordinates":[[[[110.848629999932299,-7.564442000146023],[110.848635999763829,-7.564442999969845],[110.848624999634183,-7.564468000300328],[110.848585999755713,-7.564631999934244],[110.848485999970976,-7.564931000048547],[110.848353999643265,-7.565294000057293],[110.848217999977592,-7.565661000445074],[110.848135000273373,-7.565893000290726],[110.847902999653996,-7.566523999564667],[110.847631000336264,-7.567165000114883],[110.84741699972254,-7.567620999874845],[110.847223999770137,-7.568013000355601],[110.846974000008331,-7.568490999972982],[110.846780999754358,-7.568897000265787],[110.846652000448714,-7.569245999753129],[110.846648999676617,-7.569303000213141],[110.846652000275995,-7.569402999737896],[110.84665899961972,-7.56964900016922],[110.846705000451038,-7.570001999686148],[110.8467520000831,-7.570442999786277],[110.846777000412857,-7.5705500002755],[110.846598000080036,-7.57061799990886],[110.846455999898595,-7.570663999780765],[110.846219999924145,-7.57075299958079],[110.846121000317254,-7.570774000424299],[110.845986999749627,-7.570752000069089],[110.845326000356707,-7.570587000275257],[110.843648999997214,-7.569977000028505],[110.842499999619179,-7.569539999969157],[110.841997000078734,-7.569368999761279],[110.841271000099198,-7.56917099962916],[110.840474000089245,-7.568915000218407],[110.838552999711581,-7.568222999582342],[110.838098999919168,-7.568056000418062],[110.839210999584395,-7.565673000172224],[110.839454000346109,-7.565180999756668],[110.840017999713496,-7.565237999560862],[110.840414000282806,-7.565294999612528],[110.840656999583786,-7.565324000345029],[110.840879000437951,-7.564611000312518],[110.841275999919375,-7.563448999719473],[110.841307999562943,-7.56332500015838],[110.841312000339968,-7.563256999613298],[110.841315000103052,-7.563206999659111],[110.841294000089661,-7.563171999610015],[110.841272000218055,-7.56313199963432],[110.841236999980609,-7.563090000348317],[110.841430000321949,-7.562683000189215],[110.841675999589157,-7.562761999753045],[110.842669000279244,-7.563115000442808],[110.842964999796521,-7.56319000011904],[110.843354000254052,-7.563286000045438],[110.84374400040646,-7.563383000441277],[110.844276000088058,-7.563485999662616],[110.844886000092046,-7.563632999880357],[110.84547199964021,-7.563749999706981],[110.846439999899147,-7.563972000290311],[110.847314999633085,-7.564161000019109],[110.847603999996608,-7.564224999969993],[110.848429000226233,-7.564407000340731],[110.848629999932299,-7.564442000146023]]]]}},
{"type":"Feature","properties":{"OBJECTID_1":390,"PROVINSI":"Provinsi Jawa Tengah","KABUPATEN":"Kota Surakarta","KECAMATAN":"Kecamatan Laweyan","KELURAHAN":"Kelurahan Jajar","SUMBER":"Peraturan Walikota Surakarta Provinsi Jawa Tengah Nomor :146.3/12.2 Tahun 2020 Tanggal 4 Februari 2020 tentang Batas Wilayah Kecamatan dan Kelurahan Kota Surakarta","Shape_Leng":4748.62527589,"Shape_Area":1150745.0032500001,"luas":115.16504097399999},"geometry":{"type":"MultiPolygon","coordinates":[[[[110.786719227053254,-7.547788072362249],[110.786732445079522,-7.547790189169937],[110.786772891930809,-7.547788084070659],[110.786798338243727,-7.547786508965055],[110.786841013461853,-7.547783868537189],[110.786883582464512,-7.547794510737853],[110.78694529815489,-7.547830653913437],[110.786981906692503,-7.547847723777218],[110.787009145367733,-7.547860424529168],[110.787069884973747,-7.547881406643074],[110.787130625491841,-7.547902389653676],[110.787137583641979,-7.547902229315326],[110.787155217421144,-7.547901824514464],[110.787181104712275,-7.547901229249227],[110.787196453252349,-7.547900876703606],[110.787296511461832,-7.547883931275589],[110.787336958320594,-7.547881826124287],[110.787369649768081,-7.547884561161363],[110.787388045845915,-7.547886099735189],[110.78739741541861,-7.547889221435824],[110.787426357049071,-7.547898863739533],[110.787451382587761,-7.547912501425658],[110.787473177418363,-7.547924378153706],[110.787496815829812,-7.547944055871755],[110.787501438766796,-7.547947904344805],[110.787511477481644,-7.547956260202098],[110.787556228673992,-7.547999761852364],[110.787577806554239,-7.548014133270023],[110.787605861873018,-7.548027071379298],[110.78763895579398,-7.548033548792326],[110.787677219729431,-7.548031758243762],[110.787718295959934,-7.54802724540167],[110.787753074735917,-7.548021278569789],[110.787781856652231,-7.548018301136494],[110.787815442353661,-7.548003358590835],[110.787864140606402,-7.547977534180574],[110.787898931102887,-7.547951223594911],[110.787916937187902,-7.547914135973715],[110.787933764090994,-7.547833967699928],[110.787969278976831,-7.547699447535308],[110.787992711475724,-7.547665470640001],[110.788014137190999,-7.547649807570794],[110.788024654180646,-7.547642119314932],[110.78802486086559,-7.547642099514653],[110.788048806387764,-7.547639835231384],[110.788069359740518,-7.547637892233176],[110.788120449442346,-7.547635793073073],[110.78819680888509,-7.54765778486417],[110.788203809912574,-7.54765891806263],[110.788639813378964,-7.547729511778056],[110.788716447306896,-7.547729547921893],[110.788793080328276,-7.547729584956427],[110.788801852202425,-7.547679231857667],[110.788820832168085,-7.547570279400449],[110.78883363730948,-7.547502309965088],[110.788854938248406,-7.547474704677667],[110.788869829609027,-7.547465633619162],[110.788893266975649,-7.547451356371839],[110.788935842182084,-7.547449252099092],[110.788954879029873,-7.547447244102278],[110.788977170272261,-7.547444892130446],[110.788979199056442,-7.547444677822476],[110.788979428405199,-7.547444653509827],[110.788994103152135,-7.547420547506403],[110.789020524224057,-7.547377146389881],[110.78910598897096,-7.547236755150366],[110.789149722112413,-7.547151491700756],[110.789211966501398,-7.54703013673969],[110.789315055006412,-7.546829150560336],[110.789351250245204,-7.546814299606413],[110.789378922800353,-7.546816436866912],[110.789427877729281,-7.546829205823364],[110.789553455261029,-7.546863254558531],[110.789822891359563,-7.546938428107177],[110.790011068981102,-7.546990930156638],[110.790090073342469,-7.547015115562339],[110.790351614649111,-7.547095182333996],[110.79071413942664,-7.54718860622994],[110.790843324379424,-7.547221897393376],[110.790970996641775,-7.547254798831212],[110.79144990284037,-7.547373983795667],[110.791449997100671,-7.547374010073121],[110.791542259934545,-7.547399497792314],[110.791773426436961,-7.547463359266171],[110.791809690513205,-7.54747131322597],[110.791819857325265,-7.547473543307309],[110.791879990799586,-7.547486731608803],[110.791893057107586,-7.547489597171654],[110.791943145202083,-7.547491152449607],[110.791980251925864,-7.547492305343344],[110.791986526903713,-7.547485799956588],[110.792016798068275,-7.547454418584924],[110.792073608410746,-7.547395525614406],[110.792100017861529,-7.547392903166398],[110.792116184619204,-7.547391297104122],[110.792182168432589,-7.547408322613582],[110.7922353763541,-7.54742746596881],[110.792316260841702,-7.547442374612479],[110.792364737098879,-7.547459406249522],[110.792378337314972,-7.54746418431013],[110.792442037918121,-7.547486563744133],[110.79255970170577,-7.547491654427853],[110.792618667302307,-7.54749420615329],[110.792633345604159,-7.547496476348017],[110.792820729178075,-7.547525459843595],[110.792942709002759,-7.547541326790325],[110.792984630675321,-7.547546780391087],[110.793108061448635,-7.547538535790425],[110.793174093584184,-7.547534124700554],[110.793235723287509,-7.547529089174896],[110.793355042110065,-7.547519340070257],[110.793461156588293,-7.547551163204752],[110.793461462931958,-7.547551254710957],[110.793514655613976,-7.547606510105736],[110.793514787830802,-7.54760677972973],[110.793547947990191,-7.547674420965256],[110.793565694932184,-7.547710622958573],[110.79356824143477,-7.547713970161625],[110.793606115572047,-7.547763748382848],[110.793674209875334,-7.547816887771555],[110.793710637732332,-7.547825598776731],[110.793772120337849,-7.547840300801067],[110.793925759206246,-7.547849572726889],[110.793984987257062,-7.54785314655611],[110.794002191382503,-7.547854626397965],[110.794059489823226,-7.547859554352013],[110.794114582450462,-7.547876763496758],[110.794121824993312,-7.547879025616728],[110.794121799571059,-7.547879112443381],[110.794121952743296,-7.547879157743978],[110.793603999770426,-7.549619999622506],[110.793586999738508,-7.549619999734308],[110.792891999722784,-7.551661999935285],[110.79252200041887,-7.551541999783471],[110.791923000232671,-7.551353999728227],[110.791736999562602,-7.55186600008898],[110.791710999729048,-7.552033000011988],[110.7916890000661,-7.552151000451607],[110.791646000058904,-7.55231800040205],[110.791520999941,-7.552599999733281],[110.791196000221134,-7.553190999973968],[110.791163999629546,-7.553223000070863],[110.791041999565749,-7.553464999746793],[110.790791999794891,-7.554100000247506],[110.790488000161417,-7.55472699998892],[110.790312999958033,-7.555071999815247],[110.790134000159085,-7.55547500037206],[110.789948000121413,-7.555878000185443],[110.789698000234111,-7.556564999925073],[110.789677000312381,-7.556600999770708],[110.789533999859003,-7.556996000172296],[110.789540999614033,-7.557059999945615],[110.789433000385316,-7.557438000431675],[110.788572999662819,-7.557437999981927],[110.78849600030513,-7.557443999773191],[110.788438999835435,-7.557466999747888],[110.788371999654899,-7.557496000296098],[110.788231999936357,-7.557518999801757],[110.788104000146561,-7.55757399966433],[110.787998000159433,-7.557597000217549],[110.787906999597141,-7.557627999892174],[110.78781999978716,-7.557646999681182],[110.787731999969537,-7.557669999871497],[110.787679999903901,-7.557737000372556],[110.787658000311566,-7.557786999628508],[110.787486000182767,-7.558527999671066],[110.787231999748045,-7.559593000349574],[110.786250000000521,-7.55929000040542],[110.78522600017628,-7.558965000236913],[110.783764999939862,-7.55850099991499],[110.782285000155895,-7.558036999777642],[110.782374000382674,-7.557712999904453],[110.782403000218906,-7.557506000382589],[110.782417999758252,-7.557193000230963],[110.782428000413788,-7.557082000260381],[110.782428000414384,-7.556986000277711],[110.782420999604568,-7.556956999960023],[110.782417999851589,-7.556931999826336],[110.782396000306349,-7.556883000177836],[110.782306999787437,-7.556683000169393],[110.78221099994299,-7.556443999824597],[110.782146999649441,-7.556291000034228],[110.782131999734588,-7.556230000248765],[110.782142999566744,-7.556190999863809],[110.782217999925805,-7.556137999746879],[110.782289999877847,-7.556044999935373],[110.782379000115739,-7.555902999996918],[110.782424999880163,-7.555795999867084],[110.782489999754674,-7.555589000161543],[110.782560999622916,-7.555303999819388],[110.782589999891883,-7.555071999805314],[110.782610999627749,-7.554904999869529],[110.782640000091845,-7.554686999845672],[110.782658000082066,-7.554376999774342],[110.782691000340208,-7.553992999926241],[110.782700999930583,-7.553959999927026],[110.782716000423221,-7.553910999702014],[110.78278400041728,-7.553633000059037],[110.782904999589832,-7.553148000054681],[110.782977000236727,-7.552827000090116],[110.783052000142433,-7.552449999782628],[110.783169999778522,-7.551880000424479],[110.78320899960292,-7.551741000315674],[110.783266999624999,-7.551551999671346],[110.783306000193178,-7.551394999548092],[110.783355999548959,-7.55127699990375],[110.783367000040315,-7.551238000377475],[110.783412999832152,-7.551041999634268],[110.78351700002321,-7.550550000433777],[110.783591999942146,-7.55008000040323],[110.783613999763347,-7.549994999972346],[110.783988999845789,-7.548914999779748],[110.784072000125491,-7.548629999550852],[110.784415000304989,-7.547960000391465],[110.784514999666328,-7.547771000331948],[110.784558000180311,-7.547732000255791],[110.784647000415674,-7.547485999692308],[110.784711999696682,-7.547311999979165],[110.784796999593183,-7.547140999698776],[110.784869000249529,-7.546990999795166],[110.784925999756027,-7.546972999792202],[110.78503300000105,-7.546822999889065],[110.785068976388246,-7.546789022990128],[110.785076789183364,-7.546790976176236],[110.785278352614341,-7.546900914261671],[110.786070304395793,-7.547332864030813],[110.786363301250873,-7.547492670903639],[110.786394076910852,-7.547520192063242],[110.786434538492344,-7.547556374673903],[110.786468188558473,-7.547576545804364],[110.786477100167602,-7.547581887111852],[110.786528172020326,-7.547618024240978],[110.786555816483414,-7.547677516739688],[110.786560404064829,-7.54768504589451],[110.786585594553642,-7.547726389739296],[110.786634541298412,-7.54775402830213],[110.786643401177045,-7.547759507075503],[110.786652398797287,-7.547765071849935],[110.786679231263378,-7.547781665686799],[110.786719227053254,-7.547788072362249]]]]}},
{"type":"Feature","properties":{"OBJECTID_1":391,"PROVINSI":"Provinsi Jawa Tengah","KABUPATEN":"Kota Surakarta","KECAMATAN":"Kecamatan Serengan","KELURAHAN":"Kelurahan Jayengan","SUMBER":"Peraturan Walikota Surakarta Provinsi Jawa Tengah Nomor :146.3/12.2 Tahun 2020 Tanggal 4 Februari 2020 tentang Batas Wilayah Kecamatan dan Kelurahan Kota Surakarta","Shape_Leng":2294.8502443299999,"Shape_Area":299936.181728,"luas":30.017338123399998},"geometry":{"type":"MultiPolygon","coordinates":[[[[110.823112999725424,-7.574294999653987],[110.823105999835164,-7.574312000001441],[110.823042000215267,-7.574519999626543],[110.82283800008706,-7.575097999813678],[110.822335000446998,-7.576578000381277],[110.821805999798542,-7.578137000043465],[110.821589000440184,-7.578070999751543],[110.820915999944717,-7.577853999567066],[110.820038000292968,-7.57756199998301],[110.819518000388001,-7.577407000334544],[110.817214999708654,-7.576513000390753],[110.816328999971361,-7.576194999999323],[110.815804000340549,-7.57600499971391],[110.815628000026521,-7.576005000321615],[110.815598000390821,-7.575995999824015],[110.815889999748322,-7.575120000399702],[110.816563999635775,-7.572725999971411],[110.816653999751566,-7.572753000343834],[110.816865000230976,-7.572844000086163],[110.817762999554944,-7.573037000086287],[110.820912000171575,-7.573788999745434],[110.822080000060126,-7.574069999741939],[110.822882999953777,-7.574243999751525],[110.823112999725424,-7.574294999653987]]]]}},
{"type":"Feature","properties":{"OBJECTID_1":392,"PROVINSI":"Provinsi Jawa Tengah","KABUPATEN":"Kota Surakarta","KECAMATAN":"Kecamatan Jebres","KELURAHAN":"Kelurahan Jebres","SUMBER":"Peraturan Walikota Surakarta Provinsi Jawa Tengah Nomor :146.3/12.2 Tahun 2020 Tanggal 4 Februari 2020 tentang Batas Wilayah Kecamatan dan Kelurahan Kota Surakarta","Shape_Leng":10574.2051041,"Shape_Area":4327324.5806700001,"luas":433.07607000799999},"geometry":{"type":"MultiPolygon","coordinates":[[[[110.868864023631446,-7.546977919792099],[110.869105171452333,-7.547340533809564],[110.869104864985118,-7.547340796948339],[110.869047585528619,-7.547389982196728],[110.869002964609152,-7.547428306412465],[110.868956468606768,-7.547483304043276],[110.86888180566001,-7.547571617665689],[110.868880874379016,-7.547572720060029],[110.868815072772435,-7.547662101914326],[110.868716184861597,-7.547796426543354],[110.868466316346584,-7.548116408102232],[110.868399719991658,-7.548219461355377],[110.868383966234802,-7.548243839357934],[110.86837640937442,-7.54826041608321],[110.868362476666007,-7.548290981003131],[110.868341364436986,-7.54833729417255],[110.868304438873125,-7.548425086261065],[110.868279275285573,-7.548505353135686],[110.868276027872355,-7.548515713127816],[110.868270235451561,-7.54854279608502],[110.868239077462164,-7.548688476197905],[110.868177193057022,-7.549021220723596],[110.8681012106982,-7.549429765036665],[110.868033604113847,-7.549793276823823],[110.868031542139036,-7.549804361733585],[110.86783856038177,-7.550749422140841],[110.867730230576001,-7.551279928163916],[110.867476704999831,-7.552508384183985],[110.867420643170732,-7.55278003368531],[110.867283478669677,-7.553444657101471],[110.867248112313433,-7.553580599007462],[110.867237725519757,-7.553634939824067],[110.867227898925066,-7.553686334619465],[110.867223613841645,-7.55371939180595],[110.867207667433235,-7.553842423225602],[110.867201631496528,-7.553918429862977],[110.867192471578136,-7.554033760008935],[110.867177275648601,-7.554240132585575],[110.867177270188392,-7.554240202235959],[110.867177204061264,-7.55445672056804],[110.867198069497249,-7.55470050906297],[110.867228575525488,-7.555056935073386],[110.867237540456145,-7.555161680900283],[110.86726267548984,-7.555473877128113],[110.867282813300406,-7.555624942241224],[110.867303981378996,-7.555732846015603],[110.867333194756839,-7.555881757383444],[110.867348627038041,-7.55593764923971],[110.86737351808658,-7.556027793775455],[110.867393683600866,-7.556088222591221],[110.867403758681888,-7.55614361439913],[110.867418880835217,-7.556193971987338],[110.867408750471384,-7.556319851853631],[110.867396269684605,-7.556379954153659],[110.867378429995938,-7.55646586588039],[110.867338010184639,-7.556626986804308],[110.867277402583028,-7.556818306146566],[110.867135991622561,-7.557221087086317],[110.866934016015776,-7.557664131905575],[110.866464407026115,-7.558741541587012],[110.866434106166921,-7.558822098001974],[110.866373711657999,-7.558872288678211],[110.866373538472757,-7.558872432452096],[110.866328110823147,-7.558917736683824],[110.866277641339181,-7.558947933017397],[110.866250051533001,-7.558964440235385],[110.866227171848266,-7.558978129344969],[110.866161566938587,-7.558998250428362],[110.866065688361587,-7.559013325557734],[110.865974860002638,-7.559013298582044],[110.865873942712312,-7.559003196985433],[110.865702381152232,-7.558993073635226],[110.865428689912335,-7.558950816395651],[110.865119516486061,-7.558903079886113],[110.865016155333166,-7.558887121139336],[110.864592319609358,-7.558791318739172],[110.86444173758467,-7.558762648637252],[110.864380399463357,-7.558750970558876],[110.864350128078499,-7.558735855709464],[110.86425425331467,-7.558735825903862],[110.864183605939218,-7.558745874524277],[110.864128096395291,-7.558760965405352],[110.864127998485685,-7.558760990702876],[110.864067538566061,-7.558776050184336],[110.864046506361717,-7.558786535761099],[110.864017071428307,-7.558801210504381],[110.863966602471507,-7.558826371722462],[110.863921181556421,-7.558846498757791],[110.863887610592755,-7.55886881673803],[110.863868282761317,-7.558881665578731],[110.86386061672836,-7.558886762258369],[110.863807485550709,-7.558931595252231],[110.863795001590191,-7.558942129616882],[110.863757580704856,-7.558976053849162],[110.863739479145877,-7.558992465269974],[110.863073193627315,-7.559661951850346],[110.86296428318488,-7.559791358248174],[110.862808490872553,-7.559976470588286],[110.862598688800844,-7.560225756076579],[110.862529898474619,-7.560290545157537],[110.86250783493098,-7.56031132797546],[110.862506565897533,-7.560313980684072],[110.862457339306474,-7.560417052862241],[110.862425478286369,-7.560477943100126],[110.862396750207651,-7.560532845154938],[110.862342860887352,-7.560674828707212],[110.862326046664549,-7.560719129317619],[110.862235152035922,-7.560935618877192],[110.862235135700828,-7.560935675860048],[110.862227972990979,-7.560965652004101],[110.862184621825236,-7.561147084509975],[110.862144049482993,-7.56133573094063],[110.862139140782418,-7.561358552633837],[110.862134035166378,-7.561544856570253],[110.862133999887519,-7.561656035634293],[110.862133958472057,-7.561786551720861],[110.86213385477501,-7.562113330854712],[110.862133741414084,-7.562470547001604],[110.862133701209217,-7.562597234032649],[110.862160069516918,-7.563217532340661],[110.862168143336589,-7.563407451474814],[110.862172175298596,-7.56350229796828],[110.862175632291752,-7.563583630887077],[110.86217934122341,-7.563670903301136],[110.862181955117975,-7.56373239056048],[110.862183787992663,-7.563775509345579],[110.862145635009,-7.564377796211861],[110.86213307311283,-7.564576105045889],[110.862083851863872,-7.564831773822037],[110.862062311193014,-7.564943659775063],[110.861983145829257,-7.56515707377092],[110.861863440897181,-7.565479776979359],[110.861703732421446,-7.565910323119412],[110.861601870794729,-7.566190578555783],[110.861601724717886,-7.566190981043639],[110.861194999553092,-7.56616300002061],[110.860824000203181,-7.566163000270975],[110.860448999858519,-7.566144999766415],[110.860180999812854,-7.566124000232954],[110.859823999608196,-7.566074000327944],[110.85949899962543,-7.565984000353225],[110.859137999565178,-7.565848999661732],[110.858794999723884,-7.565687999889955],[110.858312999953199,-7.565438999638061],[110.857987999995572,-7.565271000087969],[110.857634999675909,-7.565103999756792],[110.857460000213848,-7.565014000179601],[110.8573949999588,-7.564997000130054],[110.857028000080064,-7.564915000003992],[110.85654900009277,-7.564824999808704],[110.856252999947984,-7.564782000352554],[110.85603099973379,-7.564728999767054],[110.855920999992151,-7.564697000422432],[110.855749000249929,-7.564621999851643],[110.855345999728144,-7.564429000057368],[110.855028000002051,-7.56426899977289],[110.854653000301923,-7.56408700009636],[110.854366999580037,-7.563955000142257],[110.854220999720653,-7.563905000051846],[110.85391399997954,-7.563827000204038],[110.853578000345934,-7.56377300043919],[110.853441999604257,-7.563752000377612],[110.853284999795179,-7.563752000065884],[110.853059999845144,-7.56376899991987],[110.852706999929765,-7.563807999947251],[110.852481999594033,-7.563825999957516],[110.852314000318231,-7.563814999610239],[110.852214000209386,-7.563797999607573],[110.852020999985598,-7.563719000404197],[110.851834999997479,-7.563637000318394],[110.851517999939745,-7.563462000056461],[110.851332000020861,-7.563391000247349],[110.850895999989504,-7.563223000149012],[110.850518000343143,-7.563084000143623],[110.850295999942503,-7.562981000121189],[110.85015699992681,-7.562883999576563],[110.850011000198052,-7.562759999660647],[110.849889000308067,-7.562649000308347],[110.849763999672575,-7.562489000183014],[110.849671999984096,-7.562324999622065],[110.849547000274683,-7.562099999677342],[110.849407000216246,-7.56221399968919],[110.8492459995567,-7.562391999840792],[110.849168000221951,-7.562527999551437],[110.848974999807041,-7.56293000010045],[110.848899999694382,-7.563136999662823],[110.848846000117433,-7.563340000141453],[110.848766000066973,-7.563693999760267],[110.848677000249722,-7.564200999876422],[110.848629999932299,-7.564442000146023],[110.848429000226233,-7.564407000340731],[110.847603999996608,-7.564224999969993],[110.847314999633085,-7.564161000019109],[110.846439999899147,-7.563972000290311],[110.84547199964021,-7.563749999706981],[110.844886000092046,-7.563632999880357],[110.844276000088058,-7.563485999662616],[110.84374400040646,-7.563383000441277],[110.843354000254052,-7.563286000045438],[110.842964999796521,-7.56319000011904],[110.842669000279244,-7.563115000442808],[110.841675999589157,-7.562761999753045],[110.841430000321949,-7.562683000189215],[110.839132000231842,-7.561964000424306],[110.836585999935608,-7.561107999994358],[110.836781999659337,-7.56081200018479],[110.837006000424296,-7.560423000079776],[110.837114999622187,-7.560270999653673],[110.837182000063066,-7.560152000356499],[110.837210999999414,-7.55989999962262],[110.837157999787038,-7.559762000272547],[110.837148999736229,-7.559700000360429],[110.837167999731562,-7.559581999884629],[110.837467999775853,-7.558512999687026],[110.837578000094595,-7.558122999713705],[110.837635000080994,-7.557861999813606],[110.837682999672722,-7.557695000445933],[110.837871000244803,-7.557724000286862],[110.837987999888682,-7.557446000397626],[110.838039000097879,-7.557338999559522],[110.838102999598078,-7.557100000433226],[110.838153000100817,-7.556950999988554],[110.838192000326458,-7.556741000254174],[110.838492000014185,-7.556255999976448],[110.838610000362138,-7.556081000113987],[110.838745999888033,-7.555818000264902],[110.838861000079632,-7.555528999775579],[110.838906999968941,-7.555403999631029],[110.839029000082363,-7.554915999699184],[110.839069000353916,-7.554694000185782],[110.839076000346921,-7.554657000389045],[110.839130999960346,-7.554122000440586],[110.839280999695717,-7.554102999973201],[110.83950500029475,-7.554135999679893],[110.840061999788929,-7.554265000434664],[110.840527999564927,-7.554345999678491],[110.841046999746666,-7.554397999989241],[110.841670000340201,-7.554529999667875],[110.841987999579231,-7.554592999709061],[110.842323999768638,-7.554619000019674],[110.842826000046841,-7.554643999688958],[110.843155999652566,-7.554619000199589],[110.843529999871706,-7.554561999838344],[110.843847999643074,-7.554531000027366],[110.844261000417134,-7.554512000442627],[110.844590999680165,-7.554555999644973],[110.844845000423845,-7.554613999695027],[110.845111000451965,-7.554676999800734],[110.84544099975885,-7.55469599963664],[110.845618999994684,-7.554728000289364],[110.845783999874499,-7.554727999788596],[110.845975000344993,-7.554702999717324],[110.846209999948258,-7.554600999868424],[110.846470000078298,-7.554486999592703],[110.846705000159886,-7.554436999652328],[110.846953000052835,-7.554430999770289],[110.847219000347692,-7.554450000252172],[110.847523999607816,-7.554456000123396],[110.847670000344706,-7.554442999917748],[110.847796999836902,-7.554430999829408],[110.847899000236183,-7.5543929999525],[110.848019000104344,-7.554278999714917],[110.848450999666298,-7.553867000013146],[110.848730999793517,-7.553601000237426],[110.849333999699439,-7.553176999967349],[110.849625999623697,-7.553018999602121],[110.849809999664942,-7.552943000210653],[110.850007000187446,-7.552872999799044],[110.850286000105129,-7.552771999704166],[110.850655000097163,-7.552657999854863],[110.850972000278546,-7.55257600016431],[110.851239000255418,-7.552454999805193],[110.851429000325552,-7.552334999787794],[110.851740000126128,-7.552120000152065],[110.851936999692427,-7.551922999726728],[110.852185000235764,-7.551587999653785],[110.852357000431169,-7.551422999736496],[110.852438999925113,-7.551232999567319],[110.852465000369648,-7.551049000398347],[110.852483999800597,-7.550846999696875],[110.852495999890294,-7.550712999608314],[110.852495999683214,-7.550611999666925],[110.852540999624054,-7.550516999559136],[110.852603999688824,-7.550383999941936],[110.852712000360697,-7.550225999556356],[110.852845999693216,-7.5500170000074],[110.852940999886428,-7.549838999624991],[110.853105999827207,-7.549572999790302],[110.853208000158546,-7.549465999716711],[110.853385999733831,-7.549326000113275],[110.853456000236818,-7.549275999872594],[110.853569999640783,-7.549225000339733],[110.853671000301489,-7.549186999642624],[110.853772999640441,-7.54917399980874],[110.853875000047793,-7.549173999551319],[110.85402100028189,-7.549199999600862],[110.854211000318315,-7.549263000410457],[110.854401999749612,-7.549294999989121],[110.854566999629839,-7.549326999879185],[110.854775999765465,-7.549403000036179],[110.855005000310939,-7.549485000422942],[110.855208000133658,-7.549587000299588],[110.855392000361292,-7.549656000446608],[110.855562999786031,-7.549720000270458],[110.855773000265202,-7.549770999732425],[110.855970000300388,-7.549782999625428],[110.856198000298477,-7.549745000381402],[110.856407999826459,-7.54971400010723],[110.856565999707101,-7.549719999554224],[110.856788999863241,-7.549757999577137],[110.857068000373502,-7.549777000089162],[110.857258000149088,-7.549796000307551],[110.857403999754837,-7.549828000163024],[110.857519000386873,-7.549865999839227],[110.857619999721379,-7.549898000326356],[110.857708999732239,-7.549916999995376],[110.857823000294587,-7.549917000013249],[110.857896000401993,-7.54988500010589],[110.858018000194477,-7.549878000383276],[110.858177000257484,-7.549860999930443],[110.858378000269965,-7.549826999845409],[110.858498000182479,-7.54980099971284],[110.858602999642514,-7.549749999563851],[110.858712999915738,-7.549707999686905],[110.85878699959045,-7.549657000323995],[110.858971999845807,-7.549498000144212],[110.859169999816217,-7.549279999750841],[110.859426000428002,-7.549037000175912],[110.859732999999864,-7.54882500021193],[110.860183999828465,-7.548475999840916],[110.860332000157698,-7.548377000145444],[110.860388000317656,-7.548348999823709],[110.860447999784213,-7.548324000332299],[110.86049100031245,-7.54832100002551],[110.860525000391192,-7.548321000021537],[110.86056700006057,-7.548324000318534],[110.860618000336743,-7.548332000337556],[110.860660999796778,-7.548337999600556],[110.860731999590627,-7.548349000114944],[110.860776999858999,-7.548359999573602],[110.860844999812727,-7.548371999570818],[110.860905000280397,-7.548375000138652],[110.86111200034658,-7.548354999843607],[110.861199999994227,-7.54832400007277],[110.861259999661883,-7.548283999951082],[110.861310999832298,-7.548243999679131],[110.861439000019246,-7.548085999780454],[110.8616910001696,-7.547748999860588],[110.861776999851187,-7.547666999563583],[110.861832999966282,-7.547630000369487],[110.861872999810231,-7.547598999757226],[110.861904000266563,-7.547581999978574],[110.861952999710539,-7.547561999989199],[110.861966999065856,-7.547556998508135],[110.861966874055071,-7.547556737951904],[110.861990373549261,-7.547547952026555],[110.861997977046428,-7.547545109547866],[110.862032037787912,-7.547542288988958],[110.862071773970328,-7.54754230152886],[110.862106934604327,-7.547546991068659],[110.862114347434257,-7.547547979390568],[110.862121369569167,-7.547548982966855],[110.862173949018626,-7.547556494832675],[110.86225347550301,-7.547594618667626],[110.862315842330901,-7.547624516332496],[110.862537594337695,-7.547775494982129],[110.862565560310443,-7.547794535972822],[110.86262211692312,-7.547823688209486],[110.862917454552701,-7.547975917294246],[110.863037665595286,-7.548016886865655],[110.863158685150154,-7.548058131647351],[110.863203904361399,-7.548070594523058],[110.863323293098105,-7.548103500403514],[110.863394001831281,-7.548111992016636],[110.863394248383102,-7.548112021944569],[110.863445336442268,-7.548117700529637],[110.86349926356371,-7.548120549589233],[110.863521287280349,-7.5481205555619],[110.863533322548491,-7.548120560224229],[110.86357303855489,-7.548104141974288],[110.863589618318642,-7.548097287778471],[110.863649709078416,-7.548072447076569],[110.863676210639539,-7.548061321869079],[110.863703644178116,-7.548049805270821],[110.863724306090191,-7.548033320458665],[110.863732033906132,-7.548027154590563],[110.863743818745789,-7.548013444046314],[110.863745289583903,-7.548011732149776],[110.863766106201325,-7.547987512387473],[110.863776695915078,-7.5479634622103],[110.863802473526349,-7.547904920002487],[110.863817232355387,-7.547871402062039],[110.86387120639624,-7.547724136438003],[110.863979166756849,-7.54738995143891],[110.864014671144616,-7.547214126319334],[110.864034333046405,-7.547116758858737],[110.864075818477858,-7.546911313565984],[110.864080931555009,-7.546892062241263],[110.864101393841437,-7.546815020761749],[110.864137136015856,-7.546759935283275],[110.864163866233227,-7.54671874032596],[110.864203619130407,-7.546664937866507],[110.864289202883796,-7.546612278538618],[110.864337045676152,-7.546582841420922],[110.864373008960868,-7.546580194041575],[110.86441368147473,-7.546577199859498],[110.864444407759208,-7.546575552211467],[110.864475407802786,-7.546573889268436],[110.864518700716317,-7.546571567986016],[110.864586819352951,-7.546571589090456],[110.864641144462837,-7.54658244902104],[110.864643581814278,-7.546582936435532],[110.864643706905142,-7.546582943710826],[110.864694670593209,-7.546585783561278],[110.864694937029867,-7.546585996218221],[110.864719264323298,-7.546605430339788],[110.864723046998407,-7.546608451876946],[110.864762771662058,-7.546645284779586],[110.864782625638881,-7.54669060908464],[110.864826003010307,-7.54678999789881],[110.864849963067925,-7.546844894748988],[110.864879059177497,-7.546911562574461],[110.864930124269264,-7.546990884010454],[110.864961334486367,-7.547027714264502],[110.864992549979178,-7.547047550319771],[110.865018089991764,-7.547061720189218],[110.865048442692782,-7.547083946758512],[110.865060654644083,-7.547092889510879],[110.865111735587533,-7.547121228336154],[110.865127868237153,-7.547126600140749],[110.865145791893127,-7.547132568610363],[110.865188000106286,-7.547141004100848],[110.865188363578994,-7.547141078387854],[110.865222995875271,-7.54714241878782],[110.865262159576687,-7.54714393425961],[110.865321767309027,-7.547132622860683],[110.865395570282359,-7.547109986962107],[110.865436001422381,-7.54707862613084],[110.865446672261257,-7.547070348961185],[110.865448989920566,-7.547068037587919],[110.865515812125778,-7.547001397508191],[110.86551633260153,-7.547000878443847],[110.865516429624009,-7.547000781684461],[110.865517651925941,-7.546999562697104],[110.865548773534073,-7.546938974071032],[110.865577291992125,-7.546883453864839],[110.865595024477145,-7.546812766995996],[110.865605710434195,-7.546770168546585],[110.865625616053379,-7.546645550841646],[110.865631397306345,-7.546534679196947],[110.865634182153215,-7.546481276820259],[110.865600187965057,-7.546268839333983],[110.865593658933818,-7.54623269242806],[110.865563353024442,-7.546064898522075],[110.865554779337785,-7.546015918724288],[110.865553978523252,-7.546011345865162],[110.865543519985508,-7.545951598363618],[110.865543534855263,-7.545903447985615],[110.865543547100742,-7.545863795158742],[110.865574801015015,-7.545759007355698],[110.865588613757708,-7.545726872148686],[110.865600362796627,-7.545699538681109],[110.865623078613183,-7.545671218981677],[110.865651470740232,-7.545642904643441],[110.865670788858878,-7.545630061129379],[110.865677020305043,-7.545625918293508],[110.865742972906432,-7.545612322927519],[110.865759336635378,-7.545608949374291],[110.865864360866908,-7.545586322974566],[110.865928103281007,-7.545570441048154],[110.8659665468968,-7.5455608625589],[110.866040547450041,-7.545549137556478],[110.866091438238854,-7.54554107440982],[110.866131529030056,-7.545536983546081],[110.866202135269688,-7.545529779433957],[110.866240911408099,-7.545526566497595],[110.866338378423976,-7.545518491335407],[110.866369558261496,-7.545518500865748],[110.866400819681331,-7.545518510418793],[110.866463262752063,-7.545518528589245],[110.866516322448774,-7.545526109729252],[110.866522864154703,-7.545527044340372],[110.866526920234207,-7.545528260419208],[110.866534059840873,-7.54553040010302],[110.866551244023157,-7.545535550555523],[110.866608731912848,-7.545554692565755],[110.866644899090844,-7.545566735314643],[110.866666008065749,-7.545578540089235],[110.866715843594903,-7.54560640977953],[110.866877599001882,-7.545697093588292],[110.866952049255403,-7.545744403673255],[110.867045573399395,-7.545803833579046],[110.867064891067358,-7.545816109976689],[110.867223808424498,-7.545903960580161],[110.867323135624531,-7.54594930980737],[110.867411113613286,-7.545980491776882],[110.867550177720929,-7.546020187665143],[110.867579067197511,-7.546028305002559],[110.867640995623191,-7.546045706017073],[110.867770812043432,-7.546088100993665],[110.867788572581375,-7.546093901055309],[110.867828422919786,-7.546105648121358],[110.867961693974593,-7.546144935070935],[110.867961999433106,-7.546145008433539],[110.868063865478589,-7.546170457669014],[110.868177387067078,-7.546204480313944],[110.868247106106395,-7.546232709514298],[110.868282391618735,-7.546246997012027],[110.868368251658211,-7.546298032611515],[110.86840157843892,-7.546317841924289],[110.868472522424426,-7.546363180539601],[110.868522576065288,-7.546407899561597],[110.868526435687102,-7.546411347143005],[110.868536522033878,-7.546420233076754],[110.86857467434605,-7.546453846697303],[110.868625736647871,-7.546544496577397],[110.868679462715406,-7.546666447264577],[110.868688136248949,-7.546686134269075],[110.868704241875761,-7.546715083612785],[110.868730687469736,-7.54676261959539],[110.868742626287826,-7.546784760779484],[110.868770401392808,-7.54683627456352],[110.868804442412326,-7.546898596247648],[110.868864023631446,-7.546977919792099]]]]}},
{"type":"Feature","properties":{"OBJECTID_1":393,"PROVINSI":"Provinsi Jawa Tengah","KABUPATEN":"Kota Surakarta","KECAMATAN":"Kecamatan Banjarsari","KELURAHAN":"Kelurahan Joglo","SUMBER":"Peraturan Walikota Surakarta Provinsi Jawa Tengah Nomor :146.3/12.2 Tahun 2020 Tanggal 4 Februari 2020 tentang Batas Wilayah Kecamatan dan Kelurahan Kota Surakarta","Shape_Leng":4299.4793547,"Shape_Area":863898.46826899995,"luas":86.458223300300006},"geometry":{"type":"MultiPolygon","coordinates":[[[[110.832048999704767,-7.541658000039812],[110.832111999605047,-7.541657999798999],[110.832224999881504,-7.541665000207973],[110.832483999864749,-7.541707999653278],[110.832466999742508,-7.541980000390358],[110.832427999664532,-7.542018999603953],[110.832378000214376,-7.542205000066367],[110.83229799973067,-7.542294000003219],[110.832201999959096,-7.542399999723463],[110.832098999753697,-7.542536000451787],[110.832102000421656,-7.543403000390339],[110.832589999760941,-7.543572999865216],[110.833197000280535,-7.543595999846527],[110.833847000256227,-7.543850999818963],[110.834211999683276,-7.543937999778101],[110.834646999778968,-7.544056999783594],[110.834671999778251,-7.544065000216683],[110.835135999995416,-7.544205000371645],[110.83515399966268,-7.544501999568279],[110.835488999818111,-7.545164000414349],[110.835475999812559,-7.545484000214829],[110.835230999727216,-7.546123000085242],[110.835229999811673,-7.546128000177215],[110.834897999603527,-7.546119000183808],[110.83375300031615,-7.54595099995002],[110.833665999561234,-7.546509999870377],[110.832734999948954,-7.546351999661125],[110.832517000013496,-7.546501000346153],[110.831645000352211,-7.54709999970463],[110.830680000391197,-7.547739000257836],[110.830395999722327,-7.547945999775102],[110.830387999713395,-7.547940000271261],[110.830363999561555,-7.547919999943754],[110.830299000425583,-7.547883999934111],[110.830248000070767,-7.547863999971898],[110.830174999629477,-7.547837000029536],[110.829635999939043,-7.54767000010561],[110.829512999936227,-7.547650999583849],[110.828811000429482,-7.547623000132061],[110.828399999959743,-7.547616999975958],[110.827321000072217,-7.547613000200882],[110.82594399971012,-7.547591999917893],[110.82539299994113,-7.547581999954105],[110.82532699997428,-7.547509000070351],[110.825021000053567,-7.54719400030006],[110.824725999904544,-7.546919000318159],[110.823864000408093,-7.546108000371976],[110.823242999964648,-7.545404999764286],[110.822997999823286,-7.545083999734137],[110.822785000097667,-7.544742999821285],[110.822454000002779,-7.54419899975261],[110.822056000332523,-7.543532999889597],[110.821698000306725,-7.542946999918676],[110.821296000169383,-7.542159000123328],[110.821051000350934,-7.54155600005336],[110.820815999959308,-7.540889999693256],[110.820877999868898,-7.540867999691685],[110.820903000037887,-7.540837000341178],[110.820927999950385,-7.540800000067504],[110.820840999582941,-7.540489999757334],[110.820795999810443,-7.540359000405881],[110.820816000123671,-7.54035399998952],[110.820829000450587,-7.540255000057295],[110.820866000168607,-7.540210999704211],[110.820915999723823,-7.540185999747678],[110.821208999831882,-7.540180000152456],[110.822651999984913,-7.540156000281556],[110.82290500004494,-7.540151999622895],[110.82318000021526,-7.540147000017224],[110.823944000091359,-7.540138000063079],[110.824057999725198,-7.540137999785355],[110.824268999798718,-7.540157000060075],[110.824640999958717,-7.540233000285388],[110.824878000146995,-7.540281000373576],[110.825110000398865,-7.540347000200168],[110.825597999609258,-7.540487999584924],[110.826250000267535,-7.540683000439367],[110.826766000158869,-7.540845999773555],[110.826929000099881,-7.540896999767206],[110.827279000183239,-7.541011000042255],[110.827294000093914,-7.541016000099884],[110.827590999585908,-7.541111999951328],[110.827820000409659,-7.541187000369866],[110.828428000401686,-7.541403999763911],[110.828886999668356,-7.541596000142078],[110.829203000433495,-7.541746999737233],[110.829675999906911,-7.541999000436431],[110.829919000307129,-7.542077999807643],[110.829980000053681,-7.542098000066665],[110.830110000023083,-7.542117000432888],[110.830115000063401,-7.542116999661061],[110.830209000090704,-7.542116999974667],[110.830214000130695,-7.542117000106274],[110.830344999716928,-7.542103999782511],[110.830481000237569,-7.54209800002331],[110.830753999804855,-7.542023999656805],[110.830946000267929,-7.541950999937859],[110.831207999644008,-7.541882000024213],[110.831604999948198,-7.541751999724871],[110.831852999751419,-7.541689999933304],[110.831946000216803,-7.541674999889526],[110.832048999704767,-7.541658000039812]]]]}},
{"type":"Feature","properties":{"OBJECTID_1":394,"PROVINSI":"Provinsi Jawa Tengah","KABUPATEN":"Kota Surakarta","KECAMATAN":"Kecamatan Pasar Kliwon","KELURAHAN":"Kelurahan Joyosuran","SUMBER":"Peraturan Walikota Surakarta Provinsi Jawa Tengah Nomor :146.3/12.2 Tahun 2020 Tanggal 4 Februari 2020 tentang Batas Wilayah Kecamatan dan Kelurahan Kota Surakarta","Shape_Leng":3074.1528773800001,"Shape_Area":526943.64404200006,"luas":52.736073894900002},"geometry":{"type":"MultiPolygon","coordinates":[[[[110.83149699990723,-7.585239000135727],[110.831387000333265,-7.585487000355268],[110.831173000320348,-7.586017999901712],[110.83110800023023,-7.586186000209658],[110.830905000448624,-7.586506000436042],[110.83077599995039,-7.586656000200449],[110.830650999681239,-7.586925000269206],[110.830506999708547,-7.587180000110784],[110.830418999606451,-7.587388000425752],[110.830254999701637,-7.587708000136817],[110.830188999805088,-7.587813999819656],[110.830118000133098,-7.587874000199212],[110.83005199975662,-7.587987999868092],[110.829950999954406,-7.588148000365037],[110.829843000419359,-7.58833599993689],[110.829787999929025,-7.588424999766425],[110.829695999994314,-7.588527999586782],[110.829587999678949,-7.588675999948626],[110.829509999901944,-7.58877600023469],[110.829373000060613,-7.588901999998213],[110.829321000116366,-7.588944999987165],[110.829048999846094,-7.58920199968176],[110.828829000027767,-7.589350000113921],[110.828722999697376,-7.589430000059154],[110.828724999878972,-7.589459000423876],[110.828502000026361,-7.589639000437615],[110.828467999947677,-7.589678999727492],[110.828456000163811,-7.589732999568388],[110.828445000262519,-7.589810000277932],[110.828438999978744,-7.590093000444281],[110.828430000442069,-7.590138999650327],[110.82836999980529,-7.590332999669008],[110.828312999547805,-7.590562000441751],[110.828243999694919,-7.590729999572284],[110.828140999628744,-7.590947000218026],[110.828055000103376,-7.591120999833125],[110.827965999907335,-7.591281000037534],[110.827896999816929,-7.591432999992547],[110.827814000001013,-7.591584000267559],[110.827767999818406,-7.591686999769117],[110.827707999905741,-7.591952999731884],[110.8275619999756,-7.592725000348734],[110.827462999582892,-7.592706000389239],[110.827212000412132,-7.592632999660387],[110.827054000037066,-7.592593000101756],[110.826947999833337,-7.592551999937181],[110.826835000003186,-7.59249299965814],[110.826557999839906,-7.592367999915343],[110.826388000082517,-7.59230599983508],[110.826032999990019,-7.592195000267519],[110.825781000021195,-7.592120999677949],[110.825065999840149,-7.591977999580869],[110.824507999995518,-7.591855000239985],[110.82413600004412,-7.591784000442965],[110.823792999721263,-7.591709999874056],[110.822855999906764,-7.591427000104147],[110.823093999836658,-7.590768999828187],[110.823268000184939,-7.590288999727154],[110.823674999677763,-7.589194999570109],[110.823975000041401,-7.588465999798146],[110.824344000302162,-7.587513000319086],[110.824734000057077,-7.586539999847208],[110.825537000371853,-7.584400999840854],[110.825808000094995,-7.583656000420412],[110.82581199965945,-7.583626999727784],[110.825884000007733,-7.583646000074154],[110.826449000152962,-7.583795999838784],[110.82759200000055,-7.58412500011456],[110.828819000196489,-7.584491999772518],[110.829240999929056,-7.584606999770517],[110.829407999710398,-7.584663000229385],[110.829825999684928,-7.58477900036028],[110.83044000024924,-7.584940000155523],[110.831126999578444,-7.585131000339817],[110.83149699990723,-7.585239000135727]]]]}},
{"type":"Feature","properties":{"OBJECTID_1":395,"PROVINSI":"Provinsi Jawa Tengah","KABUPATEN":"Kota Surakarta","KECAMATAN":"Kecamatan Serengan","KELURAHAN":"Kelurahan Joyotakan","SUMBER":"Peraturan Walikota Surakarta Provinsi Jawa Tengah Nomor :146.3/12.2 Tahun 2020 Tanggal 4 Februari 2020 tentang Batas Wilayah Kecamatan dan Kelurahan Kota Surakarta","Shape_Leng":3414.0977228199999,"Shape_Area":426759.25765500002,"luas":42.709678670800002},"geometry":{"type":"MultiPolygon","coordinates":[[[[110.822855999906764,-7.591427000104147],[110.823792999721263,-7.591709999874056],[110.82413600004412,-7.591784000442965],[110.824507999995518,-7.591855000239985],[110.825065999840149,-7.591977999580869],[110.825781000021195,-7.592120999677949],[110.826032999990019,-7.592195000267519],[110.826388000082517,-7.59230599983508],[110.826557999839906,-7.592367999915343],[110.826835000003186,-7.59249299965814],[110.826947999833337,-7.592551999937181],[110.827054000037066,-7.592593000101756],[110.827212000412132,-7.592632999660387],[110.827462999582892,-7.592706000389239],[110.8275619999756,-7.592725000348734],[110.827565000313129,-7.592726000183164],[110.827625000280491,-7.592737999571947],[110.827805999990758,-7.592763000337761],[110.827913999569603,-7.592776000160161],[110.827937675470338,-7.592776000488982],[110.828049842279086,-7.592785107758952],[110.827995019300147,-7.593018104795266],[110.827937151124672,-7.593219121395021],[110.827924967681412,-7.593310492490655],[110.827914308441649,-7.593439935679541],[110.827905171052237,-7.593535875147426],[110.827896034006287,-7.593583083686306],[110.827897556985818,-7.593642474656246],[110.827899047453343,-7.593651417813332],[110.827906693334484,-7.593697297855365],[110.827902125396676,-7.593739937417562],[110.827897556263139,-7.593767349468681],[110.82788385103656,-7.593787145954908],[110.827845779646566,-7.59380998932558],[110.82781311574773,-7.593817364900848],[110.827798571259521,-7.593820649053678],[110.827740702824215,-7.593832832367381],[110.827669127994682,-7.59382674066268],[110.827629534204249,-7.593820648969889],[110.827544254191523,-7.593802374503444],[110.827419380122677,-7.593767348870538],[110.827318871328501,-7.593729278156885],[110.827261002959943,-7.593714049355968],[110.827175723545793,-7.593712526526398],[110.827085874728112,-7.593709480377233],[110.82698688914428,-7.593727754874641],[110.826887903789697,-7.593765826740221],[110.826791914886158,-7.59380778399524],[110.826790421505748,-7.593808436498563],[110.826649830424486,-7.593888522506558],[110.826601978937674,-7.593915780682712],[110.826568397706737,-7.593940889866812],[110.826494289735294,-7.593996302200603],[110.826332766638117,-7.594090229594767],[110.826231819386678,-7.594137185196395],[110.826184719474057,-7.594137166357656],[110.826129998127897,-7.594109838249983],[110.826103992959844,-7.59409685180574],[110.826033167366106,-7.594010804402664],[110.825976437817275,-7.593905040323445],[110.825954836779601,-7.593876279052293],[110.825919696138371,-7.593829488825429],[110.825878075936728,-7.593799260460729],[110.825809955187808,-7.593784126861671],[110.825765949660237,-7.59378579804852],[110.825711548347741,-7.59378786397608],[110.825592780662632,-7.593807869704621],[110.825465518745062,-7.59382930663452],[110.825261125419885,-7.593863212750072],[110.825194975984175,-7.59388518434818],[110.825136209725869,-7.593904703003494],[110.825007504499453,-7.593957522320746],[110.824946936801041,-7.593983933037312],[110.824927849936657,-7.593999502018844],[110.824905290670017,-7.594017904518284],[110.824891979143317,-7.59403449346507],[110.824874996877568,-7.594055656239982],[110.824874435950306,-7.594061783561636],[110.824871195133497,-7.59409719611627],[110.82487455688036,-7.594132564294421],[110.824878732883406,-7.594176504492731],[110.824884391740426,-7.594201017868756],[110.824901401799934,-7.594274701836225],[110.824954327861604,-7.594425781594344],[110.824954304938828,-7.594482428384054],[110.824944381106121,-7.594503859947721],[110.82493157639307,-7.594531513782202],[110.824908847842408,-7.594580598274384],[110.82487476602013,-7.594625901615326],[110.824868662165883,-7.594627929006914],[110.824852053371416,-7.594633445607635],[110.824795273559403,-7.594652305583818],[110.824708224374888,-7.594648493898514],[110.824640115785741,-7.594603148433785],[110.824553100310737,-7.594516254821887],[110.824507702872509,-7.594467142837936],[110.824475380122195,-7.594415494293738],[110.824469878088436,-7.594406704187341],[110.824435847720835,-7.594327384197776],[110.824416942376246,-7.594282059482047],[110.824405605985788,-7.594236736919815],[110.824400704864544,-7.594217141983768],[110.824398048393292,-7.59420652217966],[110.824394268970735,-7.594195191835371],[110.824394022433751,-7.594195068714396],[110.824392244104516,-7.59419418061391],[110.82437913232566,-7.594187632569989],[110.824349509628959,-7.594182245649421],[110.824337684300502,-7.594180096136739],[110.824337502093613,-7.59418006259404],[110.824261797053992,-7.594202690519396],[110.824212584061797,-7.59422910662845],[110.824189883563022,-7.594253623915933],[110.824167145875791,-7.594278181892695],[110.82412924529433,-7.594406566441996],[110.824111440126359,-7.594467086630169],[110.824064814217607,-7.594625574394521],[110.823966067208801,-7.594901102155224],[110.823951140788026,-7.594942751487766],[110.823951003794193,-7.594943001093164],[110.823901901555487,-7.595033366584746],[110.823875394076751,-7.595067344097143],[110.823837539477353,-7.595082434139173],[110.823824275841446,-7.595088099500833],[110.823811041220281,-7.595093753114477],[110.823784546039022,-7.595097518942322],[110.8237549238182,-7.595097506926478],[110.823723988882023,-7.595097494375991],[110.823621535199464,-7.595051341510166],[110.823530998042386,-7.595010557552208],[110.823421260142823,-7.594957641840761],[110.823247185473917,-7.59488959544808],[110.8230958229111,-7.594817780756999],[110.823001216212631,-7.594783753969168],[110.822883900841532,-7.594749717904247],[110.822777939379279,-7.594715686439412],[110.822696324100903,-7.594694407541181],[110.822690926049702,-7.594692999638863],[110.822690897948249,-7.594692994199994],[110.822645479673099,-7.594692973853367],[110.822645270244578,-7.594693000000352],[110.822641282943479,-7.594693495885364],[110.822615199576077,-7.594696738065251],[110.822584913283052,-7.594715607661373],[110.822559397239715,-7.594732566945774],[110.822550841412109,-7.594738253187126],[110.822524337589755,-7.594760900897023],[110.822511029208954,-7.594771756614087],[110.822482691197635,-7.594794872138487],[110.822466053418424,-7.594875341177743],[110.822456144872334,-7.594923261165526],[110.822444474989638,-7.594966438685284],[110.822429610933597,-7.595021437608728],[110.822424352211328,-7.595045002181156],[110.822414443285993,-7.595089407918846],[110.822361431189833,-7.595149809609415],[110.822361057631497,-7.595149933382562],[110.822247871222615,-7.595187527989699],[110.822151269179699,-7.595206345992851],[110.822073754713713,-7.595221444970079],[110.822034372932677,-7.595228795644859],[110.822013192883162,-7.595232748977893],[110.821971554177551,-7.595247838209668],[110.821908565065712,-7.595255667665345],[110.821880713754197,-7.595259129790112],[110.821850785849691,-7.595257307477453],[110.821755817583337,-7.595251526323985],[110.8215691937462,-7.595160672658633],[110.821305514226552,-7.595032306436409],[110.821050005654627,-7.594897695568695],[110.820961170188525,-7.594850894593165],[110.820921130190484,-7.59482774285031],[110.820889275478152,-7.594809323561838],[110.820836296056996,-7.594790419757371],[110.820787098443787,-7.594779069747904],[110.820703834219927,-7.594775258821739],[110.820669211405615,-7.59477956294177],[110.820643273986349,-7.594782786971691],[110.820510792448388,-7.594812943939878],[110.820427520382566,-7.594828015822004],[110.820394713631458,-7.594836184986633],[110.820306393615667,-7.594858177420123],[110.820241433025203,-7.59486096827829],[110.820219341310917,-7.594861917979832],[110.820124733273303,-7.594831667142928],[110.820105012201324,-7.594821818178686],[110.820071757027264,-7.59480520919703],[110.820035289086547,-7.594762170108763],[110.820030144104464,-7.59475609832401],[110.820026915747107,-7.594745346191943],[110.820018805022286,-7.59471832880307],[110.819984761975945,-7.594669221061578],[110.819954502296397,-7.594623890553585],[110.819939801988596,-7.594607113764484],[110.819928021264872,-7.594593667901022],[110.819878833134808,-7.594559660165667],[110.819825847499303,-7.594555861623705],[110.819776644314885,-7.594555841217086],[110.819747235853498,-7.594565094511012],[110.819704723919244,-7.594578469910946],[110.819666865171328,-7.594601110922312],[110.819629005081637,-7.594631308693565],[110.819606280654753,-7.594669064082273],[110.81959891550234,-7.594682523714646],[110.819583554648673,-7.594710596041747],[110.81957610814969,-7.594745199924478],[110.819572177801348,-7.594763461526767],[110.819557023226679,-7.594801220055953],[110.819522945562952,-7.594835193247016],[110.819514568594215,-7.594837975837584],[110.819488877349301,-7.594846508811988],[110.819464432577732,-7.594846498655079],[110.819439674132752,-7.594846488366433],[110.81942321269554,-7.594844135074728],[110.819413182088212,-7.594842700783103],[110.81937222566377,-7.594836845673759],[110.81936019800068,-7.594835125611643],[110.819322357470043,-7.594816227918094],[110.819308137374563,-7.594810993599504],[110.81925045752341,-7.594789762907816],[110.819197379014597,-7.594750007659965],[110.81917478437714,-7.594733084638642],[110.819102895509033,-7.594680184504876],[110.819073908532204,-7.594670047602017],[110.81902720976214,-7.594653716977505],[110.818966654263235,-7.594649916082106],[110.818906097184907,-7.594649890845705],[110.818841755176052,-7.594649864022735],[110.818836826148441,-7.594647709999553],[110.818781209173309,-7.594623402765273],[110.81874039090647,-7.594608110293643],[110.818720660687717,-7.594600720784793],[110.818686609209962,-7.594574269663336],[110.818618505358927,-7.594521371030539],[110.81859611040494,-7.594501802200867],[110.818588237915691,-7.594494923290389],[110.81857311086975,-7.594464705297926],[110.818569357619381,-7.594389174087746],[110.81857316947368,-7.594324975754082],[110.818576357735978,-7.594271277388571],[110.818576975847733,-7.59426087149299],[110.818576981326601,-7.594260777420169],[110.818569428894605,-7.594219233776771],[110.818542946401806,-7.594192787614074],[110.818520237748572,-7.594192778129931],[110.818459679150848,-7.594196529404785],[110.818376421412452,-7.594177611747836],[110.818312093750833,-7.59414359660524],[110.818274259673856,-7.594109592534579],[110.818265823242569,-7.594089928214392],[110.818262916001956,-7.594083152686521],[110.818251581170927,-7.594037830883399],[110.818270566761356,-7.593890557014811],[110.818270611180935,-7.593784815713021],[110.818270655599505,-7.593679075315279],[110.818266910337371,-7.593584662145618],[110.818251804875842,-7.593505349610527],[110.818232964495024,-7.593414927413607],[110.818232918352805,-7.593414706679624],[110.818229355812292,-7.593407588950514],[110.818202665291764,-7.593354270669805],[110.81816220986623,-7.593310762098593],[110.818153485377422,-7.593301379883471],[110.818148762065746,-7.59329729197182],[110.81809673405067,-7.593252262495156],[110.818028623218311,-7.593214469156546],[110.817994869543952,-7.593204548188758],[110.817964289370707,-7.593195560253122],[110.817918884703062,-7.593187303327323],[110.817881030258121,-7.593180419077483],[110.817797764789972,-7.593180384174008],[110.817768405866559,-7.59318623075233],[110.817740988066078,-7.593191690082965],[110.817680431195996,-7.593191664680581],[110.817622811627544,-7.59317007740351],[110.817619883877697,-7.593168980742584],[110.817615505860431,-7.593167314499494],[110.817540415164942,-7.593138735706928],[110.817487437696187,-7.593116054024445],[110.817465623176574,-7.593106973851236],[110.81744202847274,-7.593097152992238],[110.817436626156692,-7.593082310375373],[110.817426951610997,-7.593055730094619],[110.817426906335342,-7.593055605245167],[110.817415577085171,-7.592995177132652],[110.817407242497481,-7.5929555915315],[110.81740046861033,-7.592923418618505],[110.817385383142792,-7.592795012428343],[110.81738541980252,-7.592708153986425],[110.817385462837521,-7.592606189256117],[110.817385478776288,-7.592568424440576],[110.817378434323075,-7.592550125681872],[110.817366575844133,-7.592519322861471],[110.817359253678731,-7.592480268665893],[110.817355246614682,-7.59245889474643],[110.817344288055963,-7.59244169610643],[110.817328770680533,-7.592417342223812],[110.817323938684396,-7.592398019518249],[110.817321214520533,-7.592387127370724],[110.817316248991347,-7.592370587965642],[110.817309875733329,-7.592349358686599],[110.817307122999608,-7.592324542506926],[110.817306105173671,-7.592315368851794],[110.817305414162689,-7.592311567565247],[110.81729855289413,-7.592273824281719],[110.817298572028605,-7.592228507226229],[110.817304819609532,-7.592197405366312],[110.81730615779189,-7.592190745592301],[110.817309011844657,-7.592162392193439],[110.817309958645239,-7.592152982367174],[110.817309398426787,-7.592150743325103],[110.817302401584158,-7.592122767513153],[110.81728727561466,-7.592092549477125],[110.8172733967304,-7.592084628669472],[110.817260788544459,-7.5920774329549],[110.817216935660809,-7.592057215503927],[110.817211595220499,-7.592054753736678],[110.816916049274582,-7.591961333068633],[110.816911584897994,-7.59196025927458],[110.816897276230449,-7.591956819505493],[110.816897633822961,-7.59195585990916],[110.81694600780844,-7.59182585401785],[110.817017582162819,-7.591632452170639],[110.817058698924768,-7.59145123197612],[110.817105907699698,-7.591248692758198],[110.817153116253849,-7.59102940092613],[110.817168344196247,-7.590942598619361],[110.817166821784966,-7.590883206733825],[110.817169375052885,-7.590805034104735],[110.817169535774724,-7.590800125984351],[110.817223729885626,-7.590208069870011],[110.817245906440832,-7.590108690644836],[110.817269232866067,-7.590004159479532],[110.81748136825361,-7.589558626525645],[110.817769262614192,-7.588962066795887],[110.817788081803471,-7.588932049341445],[110.818620999809809,-7.589441999834051],[110.819339000358895,-7.589845999570596],[110.819815999648952,-7.590111999563964],[110.821025000150101,-7.590725999998957],[110.821495999720781,-7.590940000207797],[110.82202500035406,-7.591144000142381],[110.822493999852369,-7.591310000249115],[110.822606999792839,-7.591350999819919],[110.822769000050215,-7.591404000355486],[110.822855999906764,-7.591427000104147]]]]}},
{"type":"Feature","properties":{"OBJECTID_1":396,"PROVINSI":"Provinsi Jawa Tengah","KABUPATEN":"Kota Surakarta","KECAMATAN":"Kecamatan Banjarsari","KELURAHAN":"Kelurahan Kadipiro","SUMBER":"Peraturan Walikota Surakarta Provinsi Jawa Tengah Nomor :146.3/12.2 Tahun 2020 Tanggal 4 Februari 2020 tentang Batas Wilayah Kecamatan dan Kelurahan Kota Surakarta","Shape_Leng":7355.3289574199998,"Shape_Area":1852038.8792000001,"luas":185.350219364},"geometry":{"type":"MultiPolygon","coordinates":[[[[110.813790421984066,-7.523195229237404],[110.813792469729236,-7.523222537296159],[110.813806936927463,-7.523218730672522],[110.813840440078337,-7.523208070054591],[110.813880795390261,-7.5231897958546],[110.813913536751926,-7.523182181502771],[110.813956938472927,-7.523166191725598],[110.814017091241993,-7.523147156121733],[110.814079528378812,-7.523131927912832],[110.814146721065384,-7.523115596324701],[110.814212203637283,-7.523104936566471],[110.814317281261623,-7.52309884536758],[110.814404084141643,-7.523085139871424],[110.814484794766258,-7.523067627154875],[110.8145708361847,-7.52306686571488],[110.814610430854898,-7.523074479948149],[110.814647740715529,-7.523104936344665],[110.81466296880923,-7.523140723993192],[110.814675151716628,-7.523173465568125],[110.814713223441871,-7.523209252013795],[110.814801548622555,-7.523213821226761],[110.814883783472865,-7.523199353866955],[110.814912717039178,-7.523165850818279],[110.814938605625002,-7.523143769405765],[110.814985053265445,-7.523124734215926],[110.815052820403551,-7.523121688165659],[110.815147237285302,-7.523116358442985],[110.815231755141738,-7.523111028147344],[110.815301806696354,-7.523098845044049],[110.81535282276316,-7.523088185353344],[110.81539089419735,-7.523090469142295],[110.815427442608367,-7.523101891168549],[110.815456376587022,-7.523120926475912],[110.815473128296702,-7.523150622452871],[110.815582773230645,-7.52313843968165],[110.815604344565486,-7.523199923404063],[110.815607116199004,-7.523208990180964],[110.815648898890757,-7.523345705626367],[110.81566797447293,-7.523408120004487],[110.815707195564642,-7.523536453516125],[110.815734264775173,-7.523629234988091],[110.815753533730202,-7.523695279487245],[110.815764935443084,-7.523734360843766],[110.815775394029458,-7.523770209771294],[110.815818792430179,-7.523918963005591],[110.815918711679885,-7.524261450243007],[110.815980761000489,-7.524474130994893],[110.816211748654894,-7.525223427094521],[110.816231821623248,-7.525294071652032],[110.816352560049353,-7.52571900559137],[110.816446784148923,-7.526050620988832],[110.816449870526895,-7.526061415622497],[110.816579747449552,-7.526515628857005],[110.816779923779507,-7.527215697653407],[110.816780014297521,-7.5272159952951],[110.817049188223947,-7.528094695815648],[110.817054589509127,-7.528112328158436],[110.817058893701073,-7.528126378846773],[110.817083494131154,-7.528206686974699],[110.817093064739794,-7.528237928518119],[110.817127184478721,-7.528350806075393],[110.81716276700098,-7.528468524599306],[110.817170704504377,-7.528494783082753],[110.81721245855374,-7.528632920343449],[110.817212692090507,-7.528633691135313],[110.817212714719489,-7.528633767128717],[110.817212760044512,-7.528633759006483],[110.817213000148314,-7.528633999722505],[110.817223999619983,-7.528671000357517],[110.817244000028268,-7.528736000312304],[110.81726399995479,-7.528799999810456],[110.817283999817576,-7.528862000205867],[110.817317999881709,-7.528972999808243],[110.817347999804682,-7.529068999954386],[110.817370000049124,-7.529139999851126],[110.817397000326835,-7.52922799962274],[110.817430000021716,-7.529334000140103],[110.818416999785953,-7.532519999652658],[110.818971000403579,-7.534384000390475],[110.819190999940574,-7.535136000376906],[110.819347999625293,-7.535673000299847],[110.819427000212826,-7.535941999768274],[110.819559000010642,-7.536394999903583],[110.819776999708921,-7.537160999695103],[110.820062999623843,-7.538223000147267],[110.820064000015464,-7.538226000114949],[110.820097999805739,-7.538351999983323],[110.820372000263163,-7.539337999584649],[110.820504999674142,-7.539804999861476],[110.820663999796778,-7.54036099969697],[110.820693999706236,-7.540464999622185],[110.820765000115287,-7.54071099955685],[110.82079299976165,-7.540809999998063],[110.820814999640689,-7.540888999733035],[110.820815999959308,-7.540889999693256],[110.820810999935503,-7.54089000035912],[110.820662999783423,-7.540890000323595],[110.820560000276117,-7.540539000073514],[110.81932900003217,-7.540180999952882],[110.818372999796381,-7.539898999590631],[110.818284000390065,-7.540163999993101],[110.818230999688495,-7.540183999742018],[110.818174000109977,-7.540265999799089],[110.818153999845137,-7.540273000099504],[110.818114000053669,-7.540332999917123],[110.818057999898826,-7.540405000346172],[110.818014999859557,-7.540482000308551],[110.817955000371981,-7.540541000381692],[110.817908000157558,-7.540580999926044],[110.81787200015296,-7.540644000035031],[110.817821999556728,-7.540736000267893],[110.817749000283825,-7.540749999753195],[110.817718999738148,-7.540828999676032],[110.817699000061424,-7.540944999790797],[110.817656000404639,-7.540944999962648],[110.817457000194793,-7.540957999779161],[110.817364000303343,-7.540957999862349],[110.817277999839348,-7.540990999769495],[110.817161999553647,-7.541033999812981],[110.817112000315063,-7.541063999797668],[110.817069000035417,-7.541100000004925],[110.817022000414184,-7.541203000065692],[110.816999000441143,-7.54127299967237],[110.816952000367877,-7.541335999620501],[110.816883000274103,-7.541488000082024],[110.816876000128318,-7.541652999836995],[110.816599999903488,-7.541735999758286],[110.8164440000008,-7.541779000018998],[110.816068999680141,-7.541935000294353],[110.815605000260575,-7.542126999909853],[110.815155999863464,-7.542294999874241],[110.814788000053142,-7.542447000165656],[110.814415999895331,-7.542619999849986],[110.81417099955425,-7.542752000169952],[110.814283000109711,-7.543374999909474],[110.814318999840552,-7.543728999739999],[110.814555000236538,-7.543987000069996],[110.81455500015241,-7.54401700013987],[110.814552000218981,-7.544066999888776],[110.814614999898808,-7.544212999802148],[110.814661000281149,-7.544278999552981],[110.814714000345418,-7.544392000112665],[110.814611000267675,-7.544663000052424],[110.81411699961663,-7.544510999855294],[110.813609000178104,-7.544371000404612],[110.812673000073389,-7.544188999872529],[110.812026000081133,-7.544086000177816],[110.811355999996351,-7.543992999583988],[110.811242999662568,-7.544058999814353],[110.811159000346223,-7.543897999840573],[110.811088000091203,-7.543753000073184],[110.811163999823449,-7.543707000231473],[110.811385999810724,-7.54360699992872],[110.811513999579816,-7.543556999824176],[110.811582000376404,-7.543521999650187],[110.811625000208636,-7.543496999574519],[110.81165299988362,-7.543472000271517],[110.811667999885458,-7.543442999883031],[110.811702999583645,-7.543389999910961],[110.811725000370885,-7.543282999648542],[110.811713999551515,-7.543197000150365],[110.811711000163797,-7.543114999582341],[110.811695999913866,-7.543023000157316],[110.811734999642169,-7.542855000290203],[110.811739999714959,-7.542727000347753],[110.811754000227211,-7.542650999871575],[110.811768999601782,-7.542594000319284],[110.811811999559012,-7.542537000149909],[110.811850000372175,-7.542479999634706],[110.811874000372839,-7.542399000276958],[110.811893000074235,-7.542285000049329],[110.811883000402077,-7.542219000122552],[110.811863999666329,-7.542156999951537],[110.811864000369638,-7.542104999833962],[110.811849999973717,-7.542057000035407],[110.811840000397638,-7.54199500011635],[110.811874000005318,-7.541915000084408],[110.811897999707668,-7.541843000290514],[110.811926000083062,-7.541771999955778],[110.811974000051833,-7.541677000019197],[110.812055000326382,-7.541529999662501],[110.812111999563484,-7.541434999956286],[110.812154999735768,-7.541353999690773],[110.812211999617972,-7.541188000256957],[110.812260000422896,-7.541055000194963],[110.812303000304652,-7.540963999888377],[110.812365000363471,-7.540849999982903],[110.812402999797456,-7.540721999694128],[110.812431000014385,-7.540651000224197],[110.812435999869237,-7.540583999947607],[110.812440999970534,-7.540508000101738],[110.812445999750963,-7.5404180002221],[110.812422000275561,-7.540232999895879],[110.812397999935826,-7.54010900016499],[110.812360000011168,-7.539952000229825],[110.812297999799995,-7.539790999936832],[110.812256000348498,-7.539680999745975],[110.812203000000693,-7.539563000238075],[110.812137000423078,-7.539434000091897],[110.812079999548047,-7.539277000114742],[110.812012999836085,-7.539130000381777],[110.811937000292104,-7.538997000423173],[110.811899000105541,-7.538921000189773],[110.811842000320112,-7.538850000389997],[110.811765999562979,-7.538782999656787],[110.811688999781154,-7.538730999873913],[110.81160399995531,-7.538693000285937],[110.811488999616202,-7.53864999995957],[110.811351000153437,-7.538620999673744],[110.81121799999859,-7.538601999716188],[110.81093699955656,-7.538530999906391],[110.810712999937678,-7.5384740001855],[110.810490000247555,-7.5384690000023],[110.810317999695684,-7.538454999629494],[110.810109000130055,-7.538421000277265],[110.809961000295445,-7.538411999787089],[110.809879999827942,-7.538393000292878],[110.809760999808447,-7.53836399962205],[110.809655999895838,-7.538330999571734],[110.809532999880346,-7.538283000221969],[110.809446999765115,-7.538226000194079],[110.809385000183156,-7.538192999803988],[110.809357000189209,-7.538012000306225],[110.809347000315867,-7.537874999703449],[110.80939000032275,-7.537604000162267],[110.809442999769388,-7.53727599985646],[110.809494999867454,-7.537038000220159],[110.80958600009059,-7.536591999857137],[110.809676000290452,-7.536254000192129],[110.809852999692865,-7.535617999575435],[110.809953000162139,-7.535299000147916],[110.809990999774726,-7.535171000041745],[110.810020000168407,-7.534991000419728],[110.810024999635047,-7.534833999936192],[110.809995999749177,-7.534705000146668],[110.809971999688329,-7.53461999992127],[110.809928999723425,-7.534538999598413],[110.809882000346974,-7.534472999833916],[110.809758000325459,-7.534377999561053],[110.809587000029993,-7.534292000098095],[110.809433999608302,-7.534240000347144],[110.809282000160522,-7.53420200010967],[110.809120000381554,-7.534192000053017],[110.808914999602152,-7.534196999754427],[110.808653999894048,-7.534220000264913],[110.808468000162307,-7.534206000324136],[110.80835799997817,-7.534200999673407],[110.808262812532149,-7.534196834972388],[110.808245439060528,-7.534196074762197],[110.80824517357641,-7.534195838553111],[110.808216533944972,-7.534170280946292],[110.808213094590258,-7.534166858355187],[110.808117180472877,-7.534071401360212],[110.808044144662077,-7.533945877413208],[110.80800115392455,-7.533865474834004],[110.807972446949179,-7.533811785951584],[110.80797092356687,-7.533808936791798],[110.807987739611633,-7.533733407120939],[110.808008060760116,-7.533592225275324],[110.808022922769908,-7.533479016679477],[110.808068778023426,-7.533289168380549],[110.80810835667188,-7.533091904370446],[110.808123250424558,-7.53305684522832],[110.808173494817908,-7.532938572056896],[110.808227126494131,-7.532793631819472],[110.808288664790794,-7.532713128483616],[110.808361216301449,-7.532618216533661],[110.808467732099842,-7.532479944372209],[110.80848474208004,-7.532457862202648],[110.808542011554295,-7.532400760909694],[110.808604186913755,-7.532338963414159],[110.808611757489302,-7.532332788506806],[110.808612116568,-7.532332495582928],[110.8086540943156,-7.53229825060782],[110.808707028486609,-7.532255068735766],[110.808709174606463,-7.532253752618624],[110.808710568179237,-7.532252897503693],[110.80876284029857,-7.532220827982398],[110.808834453591984,-7.532177318653918],[110.808842282459509,-7.53217536548507],[110.808879996276829,-7.532165959938051],[110.808880542013142,-7.532165823586053],[110.808968556930267,-7.532143871876331],[110.809095163161402,-7.532112330433062],[110.809111524421482,-7.532106049895094],[110.809118545973874,-7.532103354621666],[110.80911884242937,-7.532103240775005],[110.809171636884983,-7.532082976074813],[110.809279281871866,-7.532035573719721],[110.809285731818676,-7.532027909389427],[110.809293238315647,-7.532018989975339],[110.809295570897646,-7.532016198582082],[110.809308235038642,-7.532001046209464],[110.80932938079853,-7.531894493402397],[110.809331526002751,-7.531837198846219],[110.809331669993242,-7.531833356293767],[110.809305467707077,-7.531721065988818],[110.809283674334068,-7.531629544729448],[110.809214904542472,-7.531474385477543],[110.809140703073581,-7.531307595595553],[110.809139374884083,-7.53130197039794],[110.809118134717707,-7.531212004327552],[110.809098046370181,-7.531116443989811],[110.809097573997718,-7.53111257222251],[110.809090946675042,-7.531001540550011],[110.809088155303115,-7.53094871875194],[110.80908423210164,-7.530874476232396],[110.80909731498339,-7.530838622952344],[110.809123470739621,-7.530771128066364],[110.809204921555377,-7.530720845007493],[110.809271939058149,-7.530681175306496],[110.809397592643151,-7.530557276703064],[110.809523704954671,-7.530433054424342],[110.809624956634664,-7.530374731928825],[110.809691896087941,-7.530335074790791],[110.809739537967886,-7.530306849365098],[110.809835523372598,-7.530277246454761],[110.809934316045684,-7.530249609468086],[110.809938850588722,-7.530248341418307],[110.810036607869165,-7.530227480096784],[110.810122938397868,-7.530209200872659],[110.810123793245083,-7.53020902032905],[110.810140581977166,-7.530205465406239],[110.81022576913864,-7.530196312782754],[110.810314977463662,-7.530186656228733],[110.810451774992842,-7.530134254866957],[110.810571818090395,-7.530087772964016],[110.810600401369058,-7.530065380918203],[110.810636206483409,-7.530036101878007],[110.810636508433419,-7.530035855060755],[110.810654078662409,-7.530021487219302],[110.810686611017445,-7.529987142974329],[110.810716340678766,-7.529952779424499],[110.810716358816876,-7.529952757722646],[110.810724353049281,-7.529943518274321],[110.81073229672559,-7.529896193669499],[110.81073621542501,-7.529872788694342],[110.810735426496279,-7.529865191769911],[110.810742000367028,-7.529835000044097],[110.810649000042616,-7.529663999642038],[110.81057700002215,-7.529610000030577],[110.810520000353932,-7.529567000140997],[110.810293000274569,-7.529471000247783],[110.810273342442869,-7.529462657927484],[110.810179999718414,-7.529423000021952],[110.810157999842076,-7.529357999809581],[110.810280999815035,-7.529240000293878],[110.810501999675267,-7.529099000103752],[110.810576999669195,-7.529070000339728],[110.810750000171097,-7.529001999824087],[110.810867965773042,-7.528962976925771],[110.811013000411265,-7.528914999566759],[110.811044861994745,-7.528884608879649],[110.811078000358307,-7.528853000283902],[110.811071419017281,-7.528747699093198],[110.811071000426566,-7.528740999662637],[110.810997000398416,-7.528683999701841],[110.810695000330128,-7.528618000315691],[110.810577999835118,-7.528544999753477],[110.81050600019492,-7.528501000160616],[110.810436958026258,-7.528417881870341],[110.810403000004982,-7.528376999583688],[110.81030000021768,-7.528125000432357],[110.810207000083238,-7.527762999849339],[110.810180000356581,-7.527595999894652],[110.810082999621898,-7.527393999812948],[110.810018000202831,-7.52720299959339],[110.809991848725232,-7.527167803172495],[110.809991649657377,-7.527167007064033],[110.809975076629883,-7.527137575100443],[110.809948003382729,-7.527089746852917],[110.809914958802992,-7.527064320419698],[110.809914686965371,-7.527064111345983],[110.809785558701648,-7.526964752464134],[110.809757739743958,-7.526943389809382],[110.80962297264945,-7.526839899972916],[110.809591108767052,-7.526780103962877],[110.809570664970451,-7.526741112609605],[110.809569165420001,-7.526735608550339],[110.809564263151202,-7.526717608178452],[110.809555410245721,-7.526650714951539],[110.809555896186652,-7.526638030368587],[110.809557169022568,-7.526635469177563],[110.809568659931017,-7.52661233796682],[110.809571323542343,-7.526606976829282],[110.809578761508405,-7.526599082254421],[110.809660434330169,-7.526551185434676],[110.809716105474763,-7.526525869868718],[110.809838647998276,-7.526480488274949],[110.809838718711077,-7.526480462073072],[110.809940311915014,-7.526443268580451],[110.809951973152479,-7.526438999540274],[110.809952246016692,-7.526438931815775],[110.810053727056157,-7.526413659584624],[110.810166775295968,-7.526385637017091],[110.810173445098542,-7.526384927103944],[110.810229184815199,-7.526378991023443],[110.810299718939433,-7.526371661967959],[110.810382741174905,-7.526376251499535],[110.810466501205084,-7.526380931791522],[110.810575147121881,-7.526352384372321],[110.810582465545338,-7.526350461703915],[110.810671030152278,-7.52632679026407],[110.810775633193416,-7.526258935641397],[110.810872873967057,-7.526195805102843],[110.810872910233542,-7.526195783408796],[110.810873055303418,-7.526195687586903],[110.810874211410507,-7.526194735572749],[110.810881987705017,-7.526188330044247],[110.810977008816593,-7.526110064151032],[110.811097535964279,-7.526008467685034],[110.811186287469042,-7.525831182918149],[110.811268270126803,-7.525667612127064],[110.811301837951589,-7.525556124661736],[110.811339296530249,-7.52543114267126],[110.811327752820219,-7.525274709373072],[110.811327748308415,-7.525274662333445],[110.811316726519252,-7.525137538226786],[110.811262353130928,-7.525010967176915],[110.81124452990926,-7.524969477695993],[110.811180651987854,-7.52482359809845],[110.811109625198654,-7.524692253673607],[110.811014045540503,-7.524543469384477],[110.810995759370954,-7.524495252401003],[110.810990170609145,-7.524477931079144],[110.810985034451761,-7.524462013846222],[110.810994089019502,-7.524419434174494],[110.811015648677994,-7.524318040175976],[110.811036070958565,-7.524220387894935],[110.811037863948727,-7.524211812431791],[110.811030453382685,-7.52409999614376],[110.811030278768399,-7.524095055302688],[110.811030280011465,-7.524094277372325],[110.811032558934983,-7.524093869488504],[110.811032655024391,-7.524093849629356],[110.811165047205478,-7.52406645746638],[110.811458958452846,-7.52402229525634],[110.81149398377184,-7.524084732036358],[110.811649581336653,-7.524071859018826],[110.811828992866069,-7.52405377498358],[110.811850249642262,-7.524051078534264],[110.811866033310721,-7.523989768066341],[110.812016414796574,-7.523455816430053],[110.812082088489475,-7.523452009199073],[110.812092557369056,-7.523435829102876],[110.812108737756844,-7.523412986575373],[110.812129677293242,-7.52339966126757],[110.812163941252066,-7.523396805742884],[110.812198205970816,-7.523400613285126],[110.812309564443382,-7.523421552029489],[110.812316227338584,-7.523407275324965],[110.812544299626325,-7.523368498949011],[110.812773866997034,-7.523337172233435],[110.812983997876586,-7.523312357255223],[110.813076915289315,-7.523301384626846],[110.813176824311682,-7.523285270662413],[110.81324214553328,-7.523274734907796],[110.813279344992409,-7.523268535442286],[110.813312771106311,-7.523262131743269],[110.813315816360245,-7.523233197623562],[110.813324191950812,-7.523205024708018],[110.813334852232316,-7.523179897550706],[110.813337897971209,-7.52316466858573],[110.813334090446006,-7.523153247660976],[110.813330283897642,-7.523139541790308],[110.813331045199973,-7.523122790364495],[110.813345020256847,-7.523106154016445],[110.813347035349381,-7.523103755047371],[110.813367593673007,-7.523080911620899],[110.813389675106194,-7.523057308097348],[110.813405664716882,-7.523045886551649],[110.813427746380626,-7.52303446488361],[110.813452873547547,-7.523025327647153],[110.813491706050783,-7.52301771320409],[110.813535107937966,-7.523016190272458],[110.813585361390182,-7.523016952481782],[110.813606681568672,-7.523018474891782],[110.813637138776301,-7.523029896286034],[110.813678255598447,-7.523058069434934],[110.813716327690585,-7.523088526232993],[110.813749068869527,-7.523117460179801],[110.813783333232067,-7.523143349080502],[110.813790185844383,-7.523192080325483],[110.813790421984066,-7.523195229237404]]]]}},
{"type":"Feature","properties":{"OBJECTID_1":397,"PROVINSI":"Provinsi Jawa Tengah","KABUPATEN":"Kota Surakarta","KECAMATAN":"Kecamatan Pasar Kliwon","KELURAHAN":"Kelurahan Kampungbaru","SUMBER":"Peraturan Walikota Surakarta Provinsi Jawa Tengah Nomor :146.3/12.2 Tahun 2020 Tanggal 4 Februari 2020 tentang Batas Wilayah Kecamatan dan Kelurahan Kota Surakarta","Shape_Leng":2424.1178763100002,"Shape_Area":319158.11720699997,"luas":31.941066622299999},"geometry":{"type":"MultiPolygon","coordinates":[[[[110.828274000442661,-7.565332000431493],[110.828324000125974,-7.565390999886422],[110.82850099982889,-7.565501000103313],[110.82881199962722,-7.56566699961805],[110.829247000385976,-7.565878999639969],[110.829991999600935,-7.566233999744535],[110.830199999686755,-7.566389000158211],[110.830270000026673,-7.56649000003624],[110.830325000388939,-7.56656999990179],[110.830354999958359,-7.566698999636877],[110.830358999619918,-7.566932999879867],[110.830324999689594,-7.567212000354667],[110.830309999955887,-7.56745000044307],[110.830336000344943,-7.5676129995944],[110.830362999871852,-7.567770999574033],[110.830445999831497,-7.567900000016254],[110.830540000389675,-7.568035999758387],[110.830623999742699,-7.568134000039342],[110.830706999752962,-7.568239999933016],[110.83075600041704,-7.56833800016549],[110.830793999868192,-7.568447000215999],[110.830815999832154,-7.56856400040263],[110.830820000420687,-7.568666000356266],[110.83078199997118,-7.569278000425803],[110.830774999840941,-7.569463999893875],[110.830329999855692,-7.569527000256014],[110.829497000244714,-7.572465999614945],[110.829195000133382,-7.572373000117148],[110.826392000281274,-7.571514000333297],[110.825614999743848,-7.571295999995788],[110.826268000382427,-7.569298000411829],[110.826507999944724,-7.568543000092109],[110.826735000414899,-7.56767599964508],[110.826285999587995,-7.567509999771848],[110.82622200040872,-7.567472000429317],[110.82652400042555,-7.565892000047708],[110.826528000273768,-7.56583900017763],[110.826498000190782,-7.565770999868435],[110.826368999773294,-7.565483999973361],[110.826191999570085,-7.565200000367994],[110.826420000429195,-7.565077000017179],[110.826487999890787,-7.565050999886076],[110.82658300020438,-7.565050999678411],[110.826764000106238,-7.565051000148832],[110.827063000200724,-7.565057999873656],[110.827412000299205,-7.565043000141412],[110.827552000225324,-7.565043999890423],[110.827717999561671,-7.565066000410871],[110.82802499991412,-7.565157000097901],[110.828160999681046,-7.565216999554648],[110.828225000257561,-7.56527400000989],[110.828274000442661,-7.565332000431493]]]]}},
{"type":"Feature","properties":{"OBJECTID_1":398,"PROVINSI":"Provinsi Jawa Tengah","KABUPATEN":"Kota Surakarta","KECAMATAN":"Kecamatan Laweyan","KELURAHAN":"Kelurahan Karangasem","SUMBER":"Peraturan Walikota Surakarta Provinsi Jawa Tengah Nomor :146.3/12.2 Tahun 2020 Tanggal 4 Februari 2020 tentang Batas Wilayah Kecamatan dan Kelurahan Kota Surakarta","Shape_Leng":5551.9436743200004,"Shape_Area":1438716.9452599999,"luas":143.984710372},"geometry":{"type":"MultiPolygon","coordinates":[[[[110.771240910665284,-7.545347345177272],[110.771302062671865,-7.545357549030378],[110.771335407937642,-7.545352272939623],[110.771372315905182,-7.545346433354337],[110.771413514182768,-7.545338842052007],[110.7714585372036,-7.545330546277466],[110.771551148717748,-7.545306696898586],[110.771617365963991,-7.545301514847579],[110.771647692985411,-7.545299141723327],[110.771672490345253,-7.545297200806552],[110.771806594868067,-7.545305236437247],[110.771839609458681,-7.545311700520082],[110.771855804509343,-7.545314871339334],[110.771880027295168,-7.545319613962151],[110.77189707796731,-7.545328132126306],[110.771921527082625,-7.545340346594664],[110.771965516903919,-7.545364596576811],[110.771967813222972,-7.545365862360125],[110.771975422649774,-7.545368253482811],[110.772023682152167,-7.545383416588989],[110.772087327618308,-7.545397565548456],[110.772124252704117,-7.545405773845925],[110.772202393198498,-7.545416955219445],[110.772202476587111,-7.545416967022264],[110.772218826580769,-7.545415072329422],[110.772298274893714,-7.545405864504855],[110.772313908071709,-7.545403589516677],[110.772363738428439,-7.545396339118594],[110.772402441946767,-7.54539425252803],[110.772451549256118,-7.545391605088986],[110.772475058522929,-7.545400090409351],[110.772509013735828,-7.545412346879158],[110.772540928975644,-7.545441040995698],[110.772564859467792,-7.545476103636861],[110.772576192444532,-7.545492788857228],[110.772595170110236,-7.545520729067533],[110.772622410630433,-7.545546127215728],[110.772643042613637,-7.545565362723874],[110.772657367186511,-7.54558155922205],[110.772661037111178,-7.545585708573563],[110.772669682406189,-7.545595484209908],[110.772670095510591,-7.545595951181673],[110.772684147593125,-7.545599316243133],[110.772698506023332,-7.54560275382884],[110.772733804813498,-7.545611205463461],[110.77273472867337,-7.54561087668099],[110.772748940153207,-7.545605829342708],[110.772781926198817,-7.545594112432283],[110.77279245698449,-7.54558991528268],[110.772845800873398,-7.545568654900524],[110.772869319580209,-7.54555734012026],[110.772892112025218,-7.545546374124648],[110.772946398025809,-7.545538436694004],[110.773010763139339,-7.545537210050425],[110.77302782207893,-7.545536885120595],[110.773093279808393,-7.545538512943502],[110.773155538175871,-7.54554969766503],[110.773390392958717,-7.545611448558943],[110.773525883763966,-7.545647073703763],[110.773598603200909,-7.545664407606171],[110.773867500124055,-7.545728503326291],[110.774467735123835,-7.545849896098161],[110.77466409266151,-7.545881861650397],[110.774729539658551,-7.545902606362656],[110.774796576438177,-7.545937691094668],[110.774812469530175,-7.545944663549033],[110.774862019330953,-7.545966402314987],[110.774947108986368,-7.545982834179473],[110.774953012212265,-7.545983974259959],[110.774958229497869,-7.545982867945149],[110.775050411817247,-7.545963313396396],[110.775112670387401,-7.545976090786465],[110.775246763699755,-7.546006430200094],[110.775305142264784,-7.546018112850417],[110.775342546458745,-7.546025598375615],[110.775452697623734,-7.54604477300555],[110.775467194123777,-7.546051245397681],[110.77552771765022,-7.546078268783472],[110.775637864733085,-7.546105408990625],[110.775740560949288,-7.546132015271816],[110.775775902311281,-7.546138980480265],[110.775881042688582,-7.546159702863193],[110.776034291283864,-7.54619589355717],[110.776070216566026,-7.546207864015837],[110.776091756872958,-7.546215041035531],[110.776115205664752,-7.546219733278702],[110.776208824094013,-7.546238467774894],[110.776275779670385,-7.546241407514987],[110.776306742976587,-7.546242766641947],[110.776333203973351,-7.546240379456473],[110.776376993794543,-7.546236429898664],[110.776403584450449,-7.546237504556955],[110.776430210457804,-7.546238581040848],[110.776453049589136,-7.546254878561682],[110.776474897410694,-7.546270468202365],[110.776545120974333,-7.546317237700989],[110.776579259903798,-7.546333983324464],[110.776619298452516,-7.546353622959095],[110.776662170814973,-7.546374652549683],[110.776717487845133,-7.546399657736511],[110.776717819535065,-7.546399808064217],[110.776751556772865,-7.546415059123045],[110.776794112298745,-7.546451193015829],[110.776825132996862,-7.546467946074255],[110.77682885482831,-7.546469956115134],[110.776872853457959,-7.546493718055906],[110.776949489284192,-7.54648950931058],[110.777096186681391,-7.546476854144689],[110.77709637704784,-7.546476837959518],[110.777173041138781,-7.546417398074367],[110.777293376269498,-7.546304429995052],[110.777372151635035,-7.546230476449356],[110.777510465852359,-7.546212651788893],[110.777515475317998,-7.546212007571996],[110.777667019373851,-7.546192478151105],[110.777755337088863,-7.546162808898138],[110.777850002961031,-7.546131007167302],[110.777850119915527,-7.546130967425732],[110.778190772122883,-7.546018555122437],[110.778343634758116,-7.545994152319967],[110.778363212400876,-7.545991027011802],[110.778552691258227,-7.54594438941525],[110.778597417675172,-7.545923886511008],[110.778659152455162,-7.545895585789732],[110.778753785155274,-7.54584677253385],[110.778951980461727,-7.54580733501137],[110.77896346382893,-7.545805050450286],[110.779001383327284,-7.545797504715078],[110.77907805556859,-7.545782007504601],[110.779106935822412,-7.545776170444789],[110.779274407093069,-7.545785434579707],[110.779319111614285,-7.545781209293512],[110.779339325987337,-7.545770127680727],[110.779361698347785,-7.545757863980763],[110.779388854818819,-7.54571919201602],[110.779396024699935,-7.545708981249589],[110.779421345153807,-7.54567292255829],[110.77943219341995,-7.545664604194431],[110.779449029405839,-7.545651694548801],[110.779463744845742,-7.545650156968894],[110.779489477149298,-7.545647467097483],[110.779591665450965,-7.545628400573271],[110.779637100252941,-7.545621210447534],[110.779685336257046,-7.545613577585521],[110.779757242549792,-7.545611819148529],[110.779767716892209,-7.545611563004279],[110.779771404128397,-7.545610298466003],[110.779823107026772,-7.545592571448933],[110.779936380495059,-7.545553732945423],[110.779936445771995,-7.545553710364077],[110.77994016087554,-7.545551111600219],[110.780102652393055,-7.545437474649661],[110.780198467443171,-7.545392913138043],[110.780279373590673,-7.545363214310885],[110.780402839745634,-7.545361151505168],[110.780469848395796,-7.545362927351906],[110.780484289102688,-7.545363309997769],[110.780742649759233,-7.545385121225652],[110.780788123384212,-7.545388960399599],[110.780928621447458,-7.545382658131357],[110.780974027778598,-7.545367106926184],[110.780996752248342,-7.545359324548194],[110.781011342467337,-7.545349003494801],[110.781062766410386,-7.545312624894944],[110.781091134418347,-7.545294243797057],[110.781105353331739,-7.545285030650648],[110.781120778459098,-7.545278198931379],[110.781137598946614,-7.545270749185246],[110.781162841463825,-7.545259568690996],[110.781180815247239,-7.545266004644041],[110.781703003196256,-7.545452991175962],[110.781703438222081,-7.545453146074345],[110.781801338015015,-7.545493555875436],[110.781865181323923,-7.545529699908376],[110.781911994715585,-7.54556796026932],[110.781913029810426,-7.545569948122266],[110.781925817708427,-7.545594519863127],[110.781939640702461,-7.545621080361073],[110.781990064759952,-7.545713262024792],[110.782039600409291,-7.545803816826129],[110.782059077749153,-7.545827165303247],[110.782082147981626,-7.545854820411061],[110.782094617953987,-7.545873505962466],[110.782111927548812,-7.545899444040698],[110.782130835148905,-7.54591833089973],[110.782150225656025,-7.545937700133523],[110.782227869522401,-7.545942209190643],[110.782260915618537,-7.545944127956505],[110.782343942689621,-7.545929299097896],[110.78237390259315,-7.54590336194527],[110.782378701691229,-7.545899206937815],[110.782424868972271,-7.545859238947249],[110.782497168421202,-7.545839920774928],[110.782512157938683,-7.545835915566147],[110.782521300743966,-7.545837361091377],[110.782552600373563,-7.545842308365777],[110.782633047457864,-7.545855025893652],[110.782633485246762,-7.545855094858497],[110.782678053730734,-7.545880029731429],[110.782686688132969,-7.545884860799976],[110.782750606537761,-7.545927004746063],[110.782793088628736,-7.54595501410336],[110.782846276552547,-7.546016643439861],[110.782889930461494,-7.54606153171158],[110.782918615404881,-7.546091028552443],[110.782971816222002,-7.546125043216954],[110.783192304078398,-7.546253058582465],[110.783378283747368,-7.546361037739486],[110.783681859436868,-7.546516747585795],[110.783776253093407,-7.546565163363862],[110.78390999843387,-7.546597009694403],[110.783910346475793,-7.546597093991306],[110.783922396679102,-7.546597867925914],[110.784010392897869,-7.546603516115524],[110.784115436337572,-7.546625257741844],[110.784133846630638,-7.546629067829273],[110.784147168089405,-7.546634548855007],[110.784159213501212,-7.546639505505212],[110.784206207920207,-7.546658843049815],[110.784257080333703,-7.546676111946073],[110.78435191904488,-7.54670830619599],[110.784403936147541,-7.546725963699967],[110.784544618169505,-7.54677372009586],[110.784625499080448,-7.546795002835509],[110.784700294115567,-7.546806825299958],[110.78470638420211,-7.546807788046351],[110.784747050856254,-7.54678995641313],[110.78476338533558,-7.546782793941383],[110.784812843009902,-7.546761106836337],[110.784861803176497,-7.546761130933142],[110.784915019975571,-7.546763281045496],[110.784942317477331,-7.546764897370196],[110.784987394840599,-7.546767565405638],[110.785015176221407,-7.546775044472098],[110.785042734641934,-7.5467824628211],[110.785068631972678,-7.546788936886785],[110.785068976388246,-7.546789022990128],[110.78503300000105,-7.546822999889065],[110.784925999756027,-7.546972999792202],[110.784869000249529,-7.546990999795166],[110.784796999593183,-7.547140999698776],[110.784711999696682,-7.547311999979165],[110.784647000415674,-7.547485999692308],[110.784558000180311,-7.547732000255791],[110.784514999666328,-7.547771000331948],[110.784415000304989,-7.547960000391465],[110.784072000125491,-7.548629999550852],[110.783988999845789,-7.548914999779748],[110.783613999763347,-7.549994999972346],[110.783591999942146,-7.55008000040323],[110.78351700002321,-7.550550000433777],[110.783412999832152,-7.551041999634268],[110.783367000040315,-7.551238000377475],[110.783355999548959,-7.55127699990375],[110.783306000193178,-7.551394999548092],[110.783266999624999,-7.551551999671346],[110.78320899960292,-7.551741000315674],[110.783169999778522,-7.551880000424479],[110.783052000142433,-7.552449999782628],[110.782977000236727,-7.552827000090116],[110.782904999589832,-7.553148000054681],[110.78278400041728,-7.553633000059037],[110.782716000423221,-7.553910999702014],[110.782700999930583,-7.553959999927026],[110.782691000340208,-7.553992999926241],[110.782658000082066,-7.554376999774342],[110.782640000091845,-7.554686999845672],[110.782610999627749,-7.554904999869529],[110.782589999891883,-7.555071999805314],[110.782560999622916,-7.555303999819388],[110.782489999754674,-7.555589000161543],[110.782424999880163,-7.555795999867084],[110.782379000115739,-7.555902999996918],[110.782289999877847,-7.556044999935373],[110.782217999925805,-7.556137999746879],[110.782142999566744,-7.556190999863809],[110.782131999734588,-7.556230000248765],[110.782146999649441,-7.556291000034228],[110.78221099994299,-7.556443999824597],[110.782306999787437,-7.556683000169393],[110.782396000306349,-7.556883000177836],[110.782417999851589,-7.556931999826336],[110.782420999604568,-7.556956999960023],[110.782428000414384,-7.556986000277711],[110.782428000413788,-7.557082000260381],[110.782417999758252,-7.557193000230963],[110.782403000218906,-7.557506000382589],[110.782374000382674,-7.557712999904453],[110.782285000155895,-7.558036999777642],[110.782272000346438,-7.558032999626879],[110.781836999938591,-7.557890999580031],[110.781365000076008,-7.557748000026564],[110.781041999838152,-7.557662000083833],[110.780837000249008,-7.557604999902324],[110.780661000450337,-7.557561999719542],[110.780527999741864,-7.557543000272799],[110.780289000000863,-7.557505000375643],[110.780070000039046,-7.557496000011817],[110.779775000238075,-7.557481000105477],[110.779079000194955,-7.557485000328451],[110.779012715345544,-7.557489448008623],[110.77886925732308,-7.557215902846773],[110.778879976759413,-7.557085423481956],[110.778900486430175,-7.556927900690543],[110.778914192670285,-7.556845666144782],[110.778916477028744,-7.556772569185007],[110.778918760522885,-7.556686908683556],[110.778913050669118,-7.556604674255004],[110.778898202381981,-7.556487034036275],[110.778889065039976,-7.556445916806167],[110.778875359642115,-7.556362540381216],[110.778854801174234,-7.556263174059337],[110.778837668707453,-7.556196930219049],[110.778818252687557,-7.556139823164511],[110.778794267905624,-7.556079289101141],[110.778772567083209,-7.556014187222033],[110.778772157111391,-7.556012876295677],[110.778769778735068,-7.556005264962333],[110.778755435171675,-7.555959364450905],[110.778756576789846,-7.55593195300871],[110.778756577051567,-7.555840581717153],[110.778764572201808,-7.555748068388572],[110.778769140851153,-7.555671545176592],[110.77877485074228,-7.555534487963926],[110.778781704010427,-7.555427126479828],[110.778779419524497,-7.555375730496183],[110.77876799833399,-7.55534260848446],[110.778749723924903,-7.555315197154803],[110.778708606701855,-7.555274079998136],[110.778677768779943,-7.555235246653753],[110.778661778981061,-7.555205551540285],[110.778646931681877,-7.555176997665316],[110.778640078287197,-7.555143876156556],[110.778638936315843,-7.555093621411112],[110.778638936141022,-7.555054788316932],[110.778645788857517,-7.555009102977202],[110.778652641966715,-7.55496798570465],[110.778660637383396,-7.554933722016273],[110.77866063695015,-7.554897172955245],[110.778660637422846,-7.554860624799181],[110.778651499995405,-7.554812654557156],[110.778646931134787,-7.554773821860503],[110.778635510087568,-7.5547315628061],[110.778619520052899,-7.554704151724529],[110.778605814293357,-7.554673313488531],[110.778590966364945,-7.554642475577634],[110.778579545206554,-7.554609353560848],[110.778562412872702,-7.554575089797184],[110.778556701920138,-7.554539683023142],[110.778552133515603,-7.554492854850921],[110.778554418252014,-7.554436890400631],[110.778554418083019,-7.554398057305509],[110.778553275503683,-7.554377498614071],[110.778545280743728,-7.554353513563678],[110.778537285727538,-7.554331813451253],[110.778523580309539,-7.55430211768194],[110.778512550926166,-7.554281139684522],[110.778386117463256,-7.55426121485752],[110.778165353979887,-7.55420836648081],[110.777790731364547,-7.554102148036506],[110.776982095633826,-7.553863440176404],[110.776152900925865,-7.553605316425038],[110.775210633918874,-7.553322065570791],[110.774336896236704,-7.553028535148925],[110.77339577206142,-7.552738430743059],[110.772437515143366,-7.552435763639303],[110.7712131401302,-7.55205885663702],[110.770495874896099,-7.551842992564476],[110.770155516695183,-7.551726493504721],[110.769302337204209,-7.551469512139565],[110.769272641367664,-7.551419257692447],[110.769247492211719,-7.55137282834635],[110.769213250028784,-7.551309612662376],[110.769167564944908,-7.551204535694655],[110.769148088232285,-7.551145025677729],[110.769147005841646,-7.551141717103026],[110.769138271140733,-7.551085136322844],[110.769287891715734,-7.550587162367361],[110.769452359431256,-7.550018375780579],[110.769654518785913,-7.549312532629701],[110.769847540552206,-7.548707198262613],[110.770067973606544,-7.54795909492625],[110.770279269926164,-7.547249825143181],[110.770504272169134,-7.546516570562591],[110.770705288335122,-7.545823291463742],[110.770878894492,-7.545243083305911],[110.770905163193234,-7.545128869164672],[110.770969888651379,-7.54515935624805],[110.770986741615545,-7.545168014551494],[110.770995625285835,-7.54517257822546],[110.771051474949502,-7.545228368643953],[110.77106249041303,-7.545238510092744],[110.771132858744792,-7.545303291364617],[110.771215857268828,-7.545343164725718],[110.771240910665284,-7.545347345177272]]]]}},
{"type":"Feature","properties":{"OBJECTID_1":399,"PROVINSI":"Provinsi Jawa Tengah","KABUPATEN":"Kota Surakarta","KECAMATAN":"Kecamatan Pasar Kliwon","KELURAHAN":"Kelurahan Kauman","SUMBER":"Peraturan Walikota Surakarta Provinsi Jawa Tengah Nomor :146.3/12.2 Tahun 2020 Tanggal 4 Februari 2020 tentang Batas Wilayah Kecamatan dan Kelurahan Kota Surakarta","Shape_Leng":1958.22207033,"Shape_Area":206379.63688000001,"luas":20.654299033000001},"geometry":{"type":"MultiPolygon","coordinates":[[[[110.825614999743848,-7.571295999995788],[110.826392000281274,-7.571514000333297],[110.829195000133382,-7.572373000117148],[110.829497000244714,-7.572465999614945],[110.82907999961337,-7.573769000006597],[110.828249999899427,-7.573512000142975],[110.827700000083368,-7.575354000369391],[110.82727299994616,-7.57525800024931],[110.826961000184809,-7.575188000227981],[110.825274000027946,-7.574828999682647],[110.823112999725424,-7.574294999653987],[110.823707000282567,-7.572773999855309],[110.824303999579527,-7.571199999718135],[110.824405000079281,-7.570974999808283],[110.824405999971916,-7.570975000211162],[110.825614999743848,-7.571295999995788]]]]}},
{"type":"Feature","properties":{"OBJECTID_1":400,"PROVINSI":"Provinsi Jawa Tengah","KABUPATEN":"Kota Surakarta","KECAMATAN":"Kecamatan Pasar Kliwon","KELURAHAN":"Kelurahan Kedunglumbu","SUMBER":"Peraturan Walikota Surakarta Provinsi Jawa Tengah Nomor :146.3/12.2 Tahun 2020 Tanggal 4 Februari 2020 tentang Batas Wilayah Kecamatan dan Kelurahan Kota Surakarta","Shape_Leng":3995.7774645300001,"Shape_Area":486788.57204,"luas":48.717419892000002},"geometry":{"type":"MultiPolygon","coordinates":[[[[110.836178999897243,-7.570949999880658],[110.836298999824905,-7.571194999835139],[110.836341000004495,-7.571523999601665],[110.836371000007333,-7.57201800018979],[110.836332999838433,-7.572225999938865],[110.836173000104722,-7.572855000410414],[110.836138000209772,-7.572989000197609],[110.835849999723351,-7.572905000157797],[110.835845999604018,-7.572904000005462],[110.835608999666931,-7.572828999590937],[110.835460000029144,-7.572787000247381],[110.83524299960574,-7.572786999656195],[110.835189000088803,-7.572817000101129],[110.834929999638078,-7.573037999751305],[110.834658000222021,-7.573220999656603],[110.834521000262882,-7.573293000254401],[110.834418000158706,-7.573323000077765],[110.834303000298007,-7.573364999859846],[110.833718999730451,-7.573768999776809],[110.833741999558043,-7.574252999552804],[110.833803000423302,-7.574287000282014],[110.833882999930125,-7.574367000196729],[110.833989999862695,-7.574439000421833],[110.834130999937088,-7.574611000195702],[110.834225999875159,-7.574747999991958],[110.834313999687311,-7.574770999596741],[110.834454999758918,-7.574832000408136],[110.834574000207084,-7.574893000056675],[110.834672999599448,-7.574980999824032],[110.834841000257214,-7.575140999647132],[110.83497399982403,-7.57524400005609],[110.835080999918659,-7.575350000085587],[110.835195999624091,-7.575509999604065],[110.835267999882788,-7.57568200004186],[110.835374999639924,-7.575860999691191],[110.835412999741777,-7.575930000167099],[110.835424000295134,-7.575963999867639],[110.835436000312299,-7.575991999933843],[110.835487000219828,-7.576129999569973],[110.835552999814581,-7.576258000321767],[110.835676000277303,-7.576383999956859],[110.835759000097113,-7.576449999735127],[110.835821999798952,-7.576494999606432],[110.835899000171864,-7.576530000202389],[110.83599700024611,-7.5765749996676],[110.836146000024897,-7.576612999745513],[110.836305999857416,-7.576641000269927],[110.836379999965985,-7.576655999614859],[110.83647800028686,-7.576726999929075],[110.83662899979791,-7.576816000242646],[110.836789999725525,-7.576904000180428],[110.836907000259131,-7.576999000331455],[110.837018999603927,-7.577112999974378],[110.837209999570973,-7.577321999919259],[110.837396000337208,-7.577562000238052],[110.837493999888537,-7.577681999972619],[110.837548000045018,-7.577786999977031],[110.837581999564676,-7.577947000311709],[110.837670999685486,-7.578435999633277],[110.837406999850302,-7.579064000023481],[110.837302999578228,-7.578949000299378],[110.837024000260158,-7.578703999958206],[110.836868000154041,-7.578558000053192],[110.836717000133589,-7.578458999796671],[110.836509000146904,-7.578351999783295],[110.836130000376343,-7.578223000434376],[110.835875999868676,-7.578140999588968],[110.835772000350786,-7.578119000134162],[110.835556999595042,-7.578055000278192],[110.835316000031597,-7.577999000449648],[110.833639999761189,-7.577553999792949],[110.831992999639198,-7.577153000397042],[110.831481000320451,-7.577011999966242],[110.831155000397288,-7.576922000174291],[110.830760999763001,-7.576803999904486],[110.830361999551798,-7.576688999601175],[110.82984500034452,-7.576561000316182],[110.829432000330385,-7.576456999597188],[110.829494000451376,-7.576178999900681],[110.829810999664403,-7.576265999658668],[110.829813999994045,-7.576209000284142],[110.830304000186459,-7.574088000106889],[110.82907999961337,-7.573769000006597],[110.829497000244714,-7.572465999614945],[110.830329999855692,-7.569527000256014],[110.830774999840941,-7.569463999893875],[110.830755999687611,-7.569943999812794],[110.830755000381359,-7.570075000138225],[110.830821000111456,-7.570226999831296],[110.830822999884845,-7.570234000169139],[110.830876000450417,-7.570362000187621],[110.830928000294151,-7.570447999728176],[110.830970999988494,-7.570508999793195],[110.831034999645013,-7.570555000277425],[110.831125999771885,-7.570603999914238],[110.831333999887164,-7.570678999651035],[110.832869999726455,-7.571058000125874],[110.833293999750268,-7.571121999833908],[110.833506000168754,-7.571106999888872],[110.833945000292928,-7.571012999841843],[110.835314999654472,-7.570594000016418],[110.835421000289884,-7.57057899977141],[110.835602999992943,-7.570564000132697],[110.83573599987885,-7.570571999642482],[110.835887000025579,-7.570579000008331],[110.835993000394481,-7.570651000269448],[110.836118000128025,-7.5708249997357],[110.836178999897243,-7.570949999880658]]]]}},
{"type":"Feature","properties":{"OBJECTID_1":401,"PROVINSI":"Provinsi Jawa Tengah","KABUPATEN":"Kota Surakarta","KECAMATAN":"Kecamatan Serengan","KELURAHAN":"Kelurahan Kemlayan","SUMBER":"Peraturan Walikota Surakarta Provinsi Jawa Tengah Nomor :146.3/12.2 Tahun 2020 Tanggal 4 Februari 2020 tentang Batas Wilayah Kecamatan dan Kelurahan Kota Surakarta","Shape_Leng":2401.9504193600001,"Shape_Area":325961.239902,"luas":32.6219049093},"geometry":{"type":"MultiPolygon","coordinates":[[[[110.817299999740854,-7.568780999857971],[110.81915100002665,-7.569381000050954],[110.821911999825929,-7.570217999717105],[110.824405999874713,-7.570973000207863],[110.824405000079281,-7.570974999808283],[110.824303999579527,-7.571199999718135],[110.823707000282567,-7.572773999855309],[110.823112999725424,-7.574294999653987],[110.822882999953777,-7.574243999751525],[110.822080000060126,-7.574069999741939],[110.820912000171575,-7.573788999745434],[110.817762999554944,-7.573037000086287],[110.816865000230976,-7.572844000086163],[110.816653999751566,-7.572753000343834],[110.816563999635775,-7.572725999971411],[110.816712000259628,-7.571993000351755],[110.81729699959314,-7.568779999956083],[110.817299999740854,-7.568780999857971]]]]}},
{"type":"Feature","properties":{"OBJECTID_1":402,"PROVINSI":"Provinsi Jawa Tengah","KABUPATEN":"Kota Surakarta","KECAMATAN":"Kecamatan Jebres","KELURAHAN":"Kelurahan Kepatihan Kulon","SUMBER":"Peraturan Walikota Surakarta Provinsi Jawa Tengah Nomor :146.3/12.2 Tahun 2020 Tanggal 4 Februari 2020 tentang Batas Wilayah Kecamatan dan Kelurahan Kota Surakarta","Shape_Leng":2063.4794315600002,"Shape_Area":189606.41898399999,"luas":18.975659127099998},"geometry":{"type":"MultiPolygon","coordinates":[[[[110.831712999623136,-7.559003999711599],[110.831659999607382,-7.559321999980533],[110.831570000418893,-7.559924000238902],[110.8315270003379,-7.560313000438251],[110.831377000103032,-7.561196000297962],[110.831323000201863,-7.561570999781638],[110.831266000447314,-7.561895000229666],[110.83125499979549,-7.562052000420497],[110.83123899963941,-7.562185999978207],[110.831205000064344,-7.562482999740577],[110.831162000395935,-7.562831999752395],[110.831146999771448,-7.563067000375468],[110.83108600019446,-7.563652000276879],[110.831042999637646,-7.564019000294478],[110.830982999986375,-7.564468000230681],[110.830922000268643,-7.56482400000327],[110.830856999597316,-7.565344000380268],[110.830767999852966,-7.565708000123744],[110.830727999816688,-7.565810999750284],[110.830627999591329,-7.566099999995575],[110.830545999902824,-7.566202999569557],[110.830414000392182,-7.566353000138467],[110.830270000026673,-7.56649000003624],[110.830199999686755,-7.566389000158211],[110.829991999600935,-7.566233999744535],[110.829247000385976,-7.565878999639969],[110.82881199962722,-7.56566699961805],[110.82850099982889,-7.565501000103313],[110.828324000125974,-7.565390999886422],[110.828274000442661,-7.565332000431493],[110.828333000312497,-7.565185999835284],[110.828332999792536,-7.565091000088409],[110.8284990002672,-7.564743000436288],[110.828356999909786,-7.564682000079214],[110.829016000295098,-7.562359000070416],[110.829474999586154,-7.560798999710495],[110.829732999872036,-7.559904999724553],[110.830055999872414,-7.55876400025848],[110.831712999623136,-7.559003999711599]]]]}},
{"type":"Feature","properties":{"OBJECTID_1":403,"PROVINSI":"Provinsi Jawa Tengah","KABUPATEN":"Kota Surakarta","KECAMATAN":"Kecamatan Jebres","KELURAHAN":"Kelurahan Kepatihan Wetan","SUMBER":"Peraturan Walikota Surakarta Provinsi Jawa Tengah Nomor :146.3/12.2 Tahun 2020 Tanggal 4 Februari 2020 tentang Batas Wilayah Kecamatan dan Kelurahan Kota Surakarta","Shape_Leng":2176.1702829599999,"Shape_Area":228289.53125199999,"luas":22.8470198861},"geometry":{"type":"MultiPolygon","coordinates":[[[[110.835279000292275,-7.563217000214754],[110.835092000104964,-7.563520000430427],[110.833608999713931,-7.565864999625594],[110.83328900000302,-7.566414000338085],[110.831659000380625,-7.568759999704324],[110.831301999986977,-7.569306999869344],[110.831207000116066,-7.569377999873367],[110.830774999840941,-7.569463999893875],[110.83078199997118,-7.569278000425803],[110.830820000420687,-7.568666000356266],[110.830815999832154,-7.56856400040263],[110.830793999868192,-7.568447000215999],[110.83075600041704,-7.56833800016549],[110.830706999752962,-7.568239999933016],[110.830623999742699,-7.568134000039342],[110.830540000389675,-7.568035999758387],[110.830445999831497,-7.567900000016254],[110.830362999871852,-7.567770999574033],[110.830336000344943,-7.5676129995944],[110.830309999955887,-7.56745000044307],[110.830324999689594,-7.567212000354667],[110.830358999619918,-7.566932999879867],[110.830354999958359,-7.566698999636877],[110.830325000388939,-7.56656999990179],[110.830270000026673,-7.56649000003624],[110.830414000392182,-7.566353000138467],[110.830545999902824,-7.566202999569557],[110.830627999591329,-7.566099999995575],[110.830727999816688,-7.565810999750284],[110.830767999852966,-7.565708000123744],[110.830856999597316,-7.565344000380268],[110.830922000268643,-7.56482400000327],[110.830982999986375,-7.564468000230681],[110.831042999637646,-7.564019000294478],[110.83108600019446,-7.563652000276879],[110.831146999771448,-7.563067000375468],[110.831162000395935,-7.562831999752395],[110.831205000064344,-7.562482999740577],[110.83123899963941,-7.562185999978207],[110.831515000073296,-7.56223000001376],[110.832048000395645,-7.562304999908073],[110.832873000067593,-7.562444000001759],[110.833409000194862,-7.562527000316782],[110.833606999655885,-7.562546000392096],[110.83399500045293,-7.562589000409425],[110.834161999966184,-7.562622999781894],[110.834343999970159,-7.562695999909606],[110.83462999981333,-7.562820999726378],[110.834901000445967,-7.562966000064775],[110.835074999606775,-7.563078000128576],[110.835279000292275,-7.563217000214754]]]]}},
{"type":"Feature","properties":{"OBJECTID_1":404,"PROVINSI":"Provinsi Jawa Tengah","KABUPATEN":"Kota Surakarta","KECAMATAN":"Kecamatan Banjarsari","KELURAHAN":"Kelurahan Keprabon","SUMBER":"Peraturan Walikota Surakarta Provinsi Jawa Tengah Nomor :146.3/12.2 Tahun 2020 Tanggal 4 Februari 2020 tentang Batas Wilayah Kecamatan dan Kelurahan Kota Surakarta","Shape_Leng":2473.4589259,"Shape_Area":309644.99507,"luas":30.9889901381},"geometry":{"type":"MultiPolygon","coordinates":[[[[110.823242999648429,-7.564692000108995],[110.823332000214009,-7.564712999572053],[110.823389999620034,-7.564734999583248],[110.823456999937818,-7.564760999619384],[110.823526999867866,-7.564796000423564],[110.823580999721386,-7.564835999729574],[110.823723000383168,-7.564946000362029],[110.823920999982292,-7.565098000120714],[110.824179999907813,-7.565312000080277],[110.824313999943513,-7.565411000444742],[110.824455999866586,-7.565526000400919],[110.824586999601948,-7.565609000350228],[110.824696999593314,-7.565673000377737],[110.824753000344955,-7.565695000312316],[110.824804000194959,-7.565705000017307],[110.824854999947604,-7.565712999712556],[110.824890000304109,-7.56571300019929],[110.824941000164216,-7.56570499985428],[110.824997000132257,-7.565684000128262],[110.825075000288336,-7.565665000178019],[110.825383000070332,-7.565529000327659],[110.825698999650697,-7.565420000338476],[110.826191999570085,-7.565200000367994],[110.826368999773294,-7.565483999973361],[110.826498000190782,-7.565770999868435],[110.826528000273768,-7.56583900017763],[110.82652400042555,-7.565892000047708],[110.82622200040872,-7.567472000429317],[110.826285999587995,-7.567509999771848],[110.826735000414899,-7.56767599964508],[110.826507999944724,-7.568543000092109],[110.826268000382427,-7.569298000411829],[110.825614999743848,-7.571295999995788],[110.824405999971916,-7.570975000211162],[110.824405000079281,-7.570974999808283],[110.824405999874713,-7.570973000207863],[110.821911999825929,-7.570217999717105],[110.822016999625035,-7.569816999925748],[110.822512999991943,-7.567969000177496],[110.822431999550318,-7.567924000136397],[110.820900000119309,-7.567352000339738],[110.821152000231777,-7.566799000209537],[110.821484999665856,-7.566064000198676],[110.821535999563352,-7.566000999708529],[110.821686000089031,-7.565686999923613],[110.822275000318413,-7.564511000358302],[110.822524999610181,-7.564611000119104],[110.822865000080284,-7.564785999802043],[110.823046999844962,-7.564867999655439],[110.823157000452809,-7.564924999599257],[110.823242999648429,-7.564692000108995]]]]}},
{"type":"Feature","properties":{"OBJECTID_1":405,"PROVINSI":"Provinsi Jawa Tengah","KABUPATEN":"Kota Surakarta","KECAMATAN":"Kecamatan Laweyan","KELURAHAN":"Kelurahan Kerten","SUMBER":"Peraturan Walikota Surakarta Provinsi Jawa Tengah Nomor :146.3/12.2 Tahun 2020 Tanggal 4 Februari 2020 tentang Batas Wilayah Kecamatan dan Kelurahan Kota Surakarta","Shape_Leng":5404.9581446000002,"Shape_Area":1233935.05006,"luas":123.490695586},"geometry":{"type":"MultiPolygon","coordinates":[[[[110.794885166461256,-7.547865386280336],[110.794971294399488,-7.547891342589439],[110.79500845976861,-7.547910507032506],[110.795033028055585,-7.547942828853655],[110.795068649602413,-7.54801420700386],[110.795089488629131,-7.548071656904652],[110.795138599224046,-7.548141493655209],[110.795187945087704,-7.548218022512106],[110.795194000406909,-7.548227473572586],[110.795207090223471,-7.548247903969151],[110.795274131189217,-7.54827661292628],[110.795360339224672,-7.548288601748629],[110.795412686773119,-7.548285427698266],[110.795419014129948,-7.548285044408924],[110.795477602946391,-7.54827178461391],[110.79552287286505,-7.548270309637298],[110.795546576137625,-7.548282039417017],[110.79556918575976,-7.548292789035738],[110.795602456332148,-7.548334576687931],[110.795639127972478,-7.548384136175693],[110.795704562258635,-7.548471763419177],[110.795750589834782,-7.548517018808753],[110.795840321184201,-7.548602886240177],[110.795883473094378,-7.548643113582928],[110.795915116396472,-7.548675678371115],[110.795956350663431,-7.548713033709427],[110.795986103654869,-7.548736621571821],[110.796020625977178,-7.548767153320789],[110.796072936073813,-7.54880533426161],[110.796077620718748,-7.548809224285039],[110.796077657037856,-7.548809095853182],[110.796092999838223,-7.548822999905402],[110.796093000306527,-7.548822000356854],[110.796108000263544,-7.548846000143389],[110.796108999604854,-7.548849000160463],[110.796187000248821,-7.54891199997299],[110.796224000090959,-7.548952000081082],[110.7962539998898,-7.548979000075206],[110.796267999671358,-7.548995999835114],[110.796272999743266,-7.549028999939109],[110.796270000004483,-7.549073999944735],[110.796258000232584,-7.549125999832462],[110.796233999574483,-7.549213000040484],[110.796205999765164,-7.549254999692105],[110.796201000107075,-7.549285000105328],[110.796209999696416,-7.549368000317008],[110.796226000353911,-7.549427000149901],[110.796266999769514,-7.549517000361774],[110.796298999724101,-7.549576000413904],[110.796327999988662,-7.549616000403121],[110.796424000357163,-7.549669999961569],[110.796503000034633,-7.549707999707757],[110.796575000276334,-7.549753000259539],[110.796684000136594,-7.549831000410739],[110.796752000002726,-7.54988599998786],[110.796806999704899,-7.549970999873167],[110.796845999763761,-7.550016000413511],[110.796892000295401,-7.550046000118174],[110.796963000151749,-7.550071000122045],[110.797024000158444,-7.550101000450153],[110.797087999987298,-7.550143999915083],[110.797184000414575,-7.550210000227982],[110.79723899966649,-7.550269000033459],[110.797328999724343,-7.55037100028268],[110.797408999887864,-7.550483999959889],[110.797551999641868,-7.550686000415945],[110.79763499986332,-7.550840999678066],[110.797657999955945,-7.550914999552425],[110.797820000187286,-7.550959999964167],[110.797939000074962,-7.550985000312314],[110.798054000356103,-7.551031999707786],[110.798168999798463,-7.551074999973445],[110.798352000169928,-7.551111000383066],[110.798438999652504,-7.551134000297723],[110.798510000105452,-7.551171999618026],[110.798563000045519,-7.55122300014054],[110.798626999616218,-7.551278999852408],[110.798653999590428,-7.551320999677493],[110.79868200038679,-7.55140399955434],[110.798686000033797,-7.551471999661786],[110.798677999690341,-7.551541999669195],[110.798628999821588,-7.551697000320027],[110.798552000024003,-7.551861000274604],[110.798497000113557,-7.551967000349689],[110.798474999744073,-7.552021999757214],[110.79847099999516,-7.552103000257956],[110.798494000312104,-7.552175000087501],[110.798532999716329,-7.552231999590002],[110.79859600044702,-7.552291999755681],[110.798685999761432,-7.552311000100626],[110.798754000036595,-7.552294000206057],[110.798806999936616,-7.55226899971623],[110.798892000295254,-7.552206999892297],[110.798926000024423,-7.552167000122433],[110.798966999572158,-7.552128999954703],[110.799001000106799,-7.552099000189591],[110.799044000156812,-7.552071000040772],[110.799070999744401,-7.552062999786896],[110.799113999547501,-7.552062999661077],[110.799134999893226,-7.55207300028228],[110.799157999834932,-7.552095000025605],[110.799190000056242,-7.552137000308258],[110.799281999767899,-7.552291999787993],[110.799346000204878,-7.552384000342123],[110.79944599988373,-7.552460000211582],[110.799541000134752,-7.552504999992504],[110.79961999992274,-7.552513000062611],[110.799800999828435,-7.552504999820251],[110.799967000103535,-7.552508999884474],[110.800063000104572,-7.552509000413343],[110.800148000202441,-7.552469000366884],[110.800290999703947,-7.552346000043115],[110.80038900011489,-7.552455000181322],[110.800517000367023,-7.55234899973162],[110.800519999923239,-7.552347000194438],[110.800608999609381,-7.552609000420701],[110.800738999779966,-7.552550000421318],[110.800740999769843,-7.55220699957819],[110.800811999838302,-7.552215000305995],[110.800887000254576,-7.552213000120147],[110.800992999585574,-7.552212999572921],[110.80120400022858,-7.552208999751513],[110.801444999768066,-7.551689000168612],[110.801499999999209,-7.551680000274406],[110.801553999936615,-7.551668000367429],[110.801618999557334,-7.551652999565022],[110.801675999878185,-7.55166300012809],[110.801730999571603,-7.55168499979088],[110.801772999889891,-7.551710000337001],[110.801829999712822,-7.551744999554532],[110.801267000228819,-7.55245000020948],[110.801135000437114,-7.552630000053225],[110.800978999569452,-7.552925000358258],[110.800750000251796,-7.553329000444833],[110.800218000434739,-7.554343999592294],[110.799852999841406,-7.554964000443624],[110.799453999794807,-7.555713000378418],[110.799149999820955,-7.556253000446516],[110.79839700018033,-7.557593999606744],[110.797825999703832,-7.558654999997426],[110.797503000129012,-7.559182999881528],[110.79709500023742,-7.559950000382001],[110.797089000384062,-7.559964999862885],[110.797048000058439,-7.559960000243527],[110.796992999671005,-7.56022499969418],[110.796992999615355,-7.560228999696473],[110.797092999816854,-7.5603979997158],[110.797191000243856,-7.560542000125988],[110.797209000277988,-7.560564000362565],[110.797201999582981,-7.560853000440322],[110.797218999645082,-7.560849999745385],[110.797217000245524,-7.561061000291443],[110.797207000115847,-7.561101000189161],[110.79632700036025,-7.561299000200973],[110.796076999755925,-7.561345000148831],[110.795951000019699,-7.561367999601122],[110.79574700033838,-7.561428000068099],[110.795653999900125,-7.561475999964999],[110.795537999884203,-7.5615410003792],[110.795397000446258,-7.561601999892694],[110.795336999650658,-7.561627999805732],[110.795227999832477,-7.561676999793414],[110.795001000313576,-7.561778999980836],[110.794555000392677,-7.561889999654572],[110.794350999980693,-7.561830000318729],[110.79419100000267,-7.561781999940048],[110.793761999638377,-7.561653999956548],[110.793623999943961,-7.561613000275394],[110.793474999989158,-7.561567999866334],[110.793254000435738,-7.561502000117754],[110.792981000405391,-7.561420999557501],[110.791942999989061,-7.561102000126852],[110.78859899993931,-7.560028000255565],[110.787979999815377,-7.559830999831131],[110.787231999748045,-7.559593000349574],[110.787486000182767,-7.558527999671066],[110.787658000311566,-7.557786999628508],[110.787679999903901,-7.557737000372556],[110.787731999969537,-7.557669999871497],[110.78781999978716,-7.557646999681182],[110.787906999597141,-7.557627999892174],[110.787998000159433,-7.557597000217549],[110.788104000146561,-7.55757399966433],[110.788231999936357,-7.557518999801757],[110.788371999654899,-7.557496000296098],[110.788438999835435,-7.557466999747888],[110.78849600030513,-7.557443999773191],[110.788572999662819,-7.557437999981927],[110.789433000385316,-7.557438000431675],[110.789540999614033,-7.557059999945615],[110.789533999859003,-7.556996000172296],[110.789677000312381,-7.556600999770708],[110.789698000234111,-7.556564999925073],[110.789948000121413,-7.555878000185443],[110.790134000159085,-7.55547500037206],[110.790312999958033,-7.555071999815247],[110.790488000161417,-7.55472699998892],[110.790791999794891,-7.554100000247506],[110.791041999565749,-7.553464999746793],[110.791163999629546,-7.553223000070863],[110.791196000221134,-7.553190999973968],[110.791520999941,-7.552599999733281],[110.791646000058904,-7.55231800040205],[110.7916890000661,-7.552151000451607],[110.791710999729048,-7.552033000011988],[110.791736999562602,-7.55186600008898],[110.791923000232671,-7.551353999728227],[110.79252200041887,-7.551541999783471],[110.792891999722784,-7.551661999935285],[110.793586999738508,-7.549619999734308],[110.793603999770426,-7.549619999622506],[110.794121952743296,-7.547879157743978],[110.794126615885517,-7.547880538503374],[110.794127598362962,-7.547880829332739],[110.794127735201187,-7.547880911712958],[110.794143956440877,-7.547890634423176],[110.794180801313473,-7.547912717828702],[110.794180899107559,-7.547912939494155],[110.794186027854778,-7.547924586425162],[110.794204192170383,-7.547965835180512],[110.794203702852229,-7.547994220323661],[110.794203637614487,-7.547997995059163],[110.794202550865762,-7.548061028529823],[110.794208510993471,-7.54811838552978],[110.794218777406599,-7.548138166954039],[110.794225259121944,-7.548150655770635],[110.794253829414117,-7.548165766475728],[110.794265961321841,-7.548172182866349],[110.794342586885776,-7.548190142960177],[110.794378041264338,-7.54818920351121],[110.79438689126178,-7.548188968868264],[110.794398858282932,-7.548179845587713],[110.794427618305036,-7.548157920604316],[110.794439360845828,-7.548150025621675],[110.794452112609648,-7.548141452686585],[110.794479123171016,-7.548123292597483],[110.794524627245764,-7.548117339313116],[110.794536660901642,-7.548109146861436],[110.794573738449941,-7.548083906009649],[110.794590511416501,-7.548063599987067],[110.794606097645215,-7.548020591438772],[110.794617836149513,-7.547988577926796],[110.794628877584032,-7.547958467300012],[110.794631270417668,-7.547951315092831],[110.794646863776251,-7.547904704552348],[110.794658850441593,-7.547880813280363],[110.794667068806419,-7.547876344952032],[110.794685199258524,-7.54786648733467],[110.79471446359139,-7.54785920120784],[110.794723520304103,-7.547856945847881],[110.794785786935876,-7.547854585214092],[110.794837001757841,-7.547860151549663],[110.794885166461256,-7.547865386280336]]]]}},
{"type":"Feature","properties":{"OBJECTID_1":406,"PROVINSI":"Provinsi Jawa Tengah","KABUPATEN":"Kota Surakarta","KECAMATAN":"Kecamatan Banjarsari","KELURAHAN":"Kelurahan Kestalan","SUMBER":"Peraturan Walikota Surakarta Provinsi Jawa Tengah Nomor :146.3/12.2 Tahun 2020 Tanggal 4 Februari 2020 tentang Batas Wilayah Kecamatan dan Kelurahan Kota Surakarta","Shape_Leng":2786.56219358,"Shape_Area":245193.97348099999,"luas":24.538796364300001},"geometry":{"type":"MultiPolygon","coordinates":[[[[110.82425800026104,-7.557851999963954],[110.82427100005188,-7.558022999696114],[110.824225999701284,-7.559328000251398],[110.824199999793109,-7.560169999712674],[110.824142000132909,-7.561690999847658],[110.824155000339303,-7.561981999798172],[110.824142000247349,-7.562217000007866],[110.824135999984378,-7.562279999977394],[110.824128999583195,-7.562374999607611],[110.824115999913232,-7.562432000360996],[110.823957999582746,-7.562875999931882],[110.823677999807018,-7.563534000300344],[110.823563999907009,-7.563832000005813],[110.823303000216285,-7.564509999658791],[110.823242999648429,-7.564692000108995],[110.823164000002265,-7.564667999702158],[110.823100000010072,-7.564607000321538],[110.82303199993413,-7.564542999755577],[110.822945999616834,-7.564424999914184],[110.822859999663166,-7.564303999598583],[110.822774999819487,-7.564146999606147],[110.822714000192533,-7.564028999926965],[110.82265699955704,-7.563919000070946],[110.822575000433758,-7.56377299992371],[110.822539000003943,-7.563694000057872],[110.82252099994264,-7.56360199979998],[110.822518000280212,-7.563520000235664],[110.822521999886575,-7.563431000339645],[110.822521999990769,-7.563341999720618],[110.822579000407117,-7.56314599992356],[110.822624999883558,-7.562960000185293],[110.822689999949475,-7.562810999639698],[110.822754000411706,-7.562679000065752],[110.822804000388288,-7.562567999810228],[110.822865000212971,-7.562465000411181],[110.822904000322367,-7.562396999829773],[110.822935999630175,-7.562321999555646],[110.822951000018335,-7.562282999687509],[110.82295099977793,-7.562248000071537],[110.822936000226846,-7.562216000254095],[110.822915000354357,-7.562179999802118],[110.822878999727806,-7.562155000065437],[110.822817999759266,-7.562134000132438],[110.822765000407145,-7.562108999815019],[110.822714999634087,-7.562091000271028],[110.822633000055731,-7.562069000370655],[110.822560999606139,-7.562065999583279],[110.822515000047076,-7.562065999869531],[110.822460999660478,-7.562055000040108],[110.822408000197342,-7.56203700014569],[110.822361000113631,-7.562012000412609],[110.822325999869491,-7.561977000114599],[110.822279000052461,-7.561926999872521],[110.822169000360617,-7.561706000308098],[110.821986999923553,-7.561335000003925],[110.821900999792007,-7.561074999684297],[110.821758000242738,-7.560611000093175],[110.821609000004003,-7.560116000199755],[110.821541000362529,-7.559944999650245],[110.821512000426125,-7.559823999762939],[110.821479999984646,-7.559691999981091],[110.821436999655688,-7.55958099980869],[110.821391000402315,-7.559464000201955],[110.82132999997053,-7.559346000327375],[110.821270000210887,-7.559268000029462],[110.821163000269792,-7.559164000317063],[110.82106299960266,-7.559063999838283],[110.820997999700026,-7.558996999737493],[110.82094099989115,-7.558946999777125],[110.820909000011639,-7.55889999967119],[110.820873000101415,-7.558872000220732],[110.820856000181479,-7.558828999942484],[110.820844999617819,-7.558778999850593],[110.820827000267926,-7.558647000339897],[110.820819999835294,-7.558557999549506],[110.820820000260113,-7.558490999867543],[110.820824000215865,-7.558458999636038],[110.820791000296438,-7.558317999826476],[110.820790000350868,-7.558316000316488],[110.820742000427913,-7.558224000323018],[110.820605000069193,-7.558065999807812],[110.820563999775729,-7.558042999644837],[110.82049000015806,-7.558002999896107],[110.820420999775251,-7.557971999948325],[110.820310999852325,-7.55793599983995],[110.820124000053752,-7.557863999571359],[110.820023000422054,-7.557830999939852],[110.819894999888575,-7.55777199994951],[110.819832999760379,-7.557747000096509],[110.819756000310804,-7.55772099991987],[110.819695000368185,-7.557703999571832],[110.819629999890992,-7.557693999837764],[110.819541000426455,-7.557682999670258],[110.819468999904842,-7.557682000202445],[110.819395000038142,-7.557690999915331],[110.819326999716324,-7.557710000309111],[110.819247000437741,-7.557737000262704],[110.819185000138958,-7.557766999973775],[110.819060000005237,-7.557860999925141],[110.8189559996257,-7.557941999930176],[110.818904999799187,-7.557977999650843],[110.818858000226655,-7.557998999639493],[110.818828000253006,-7.558010999876932],[110.818794999836243,-7.558012000202514],[110.818750000433411,-7.558007999604746],[110.81870200039225,-7.557999999557626],[110.8186559997893,-7.557984000320555],[110.818587000036501,-7.557953999635839],[110.818491000420835,-7.557886999855981],[110.818429000344153,-7.55783599975558],[110.818384000381158,-7.557789999944715],[110.818351000301917,-7.557735999679965],[110.818321999884191,-7.557674999707077],[110.818304000325,-7.557617000246175],[110.818296999877504,-7.557564000397066],[110.818284000267653,-7.557524000337041],[110.818291999995736,-7.55752200004468],[110.820081999993761,-7.557093999707977],[110.820882000151201,-7.556921999939591],[110.823114999950377,-7.5564409997301],[110.824084000170757,-7.556210999917846],[110.824085999888354,-7.556210999818935],[110.824091000155377,-7.556231000069959],[110.82422899964098,-7.556784999918299],[110.824242000417158,-7.556874999928338],[110.824273999582431,-7.557096999741512],[110.824274000364341,-7.557566000341136],[110.82425800026104,-7.557851999963954]]]]}},
{"type":"Feature","properties":{"OBJECTID_1":407,"PROVINSI":"Provinsi Jawa Tengah","KABUPATEN":"Kota Surakarta","KECAMATAN":"Kecamatan Banjarsari","KELURAHAN":"Kelurahan Ketelan","SUMBER":"Peraturan Walikota Surakarta Provinsi Jawa Tengah Nomor :146.3/12.2 Tahun 2020 Tanggal 4 Februari 2020 tentang Batas Wilayah Kecamatan dan Kelurahan Kota Surakarta","Shape_Leng":2307.7181165100001,"Shape_Area":237673.29851200001,"luas":23.7861231517},"geometry":{"type":"MultiPolygon","coordinates":[[[[110.823242999648429,-7.564692000108995],[110.823157000452809,-7.564924999599257],[110.823046999844962,-7.564867999655439],[110.822865000080284,-7.564785999802043],[110.822524999610181,-7.564611000119104],[110.822275000318413,-7.564511000358302],[110.821686000089031,-7.565686999923613],[110.821535999563352,-7.566000999708529],[110.821484999665856,-7.566064000198676],[110.820880000135773,-7.565825999569975],[110.818597999924293,-7.564892000102778],[110.818455999733246,-7.564847000196838],[110.818742999816962,-7.563903000432878],[110.819199999669308,-7.562269000049585],[110.819295999813022,-7.56194500035412],[110.819862000025466,-7.560007000164513],[110.820198999621624,-7.558835000279772],[110.820237000239146,-7.558625999690702],[110.820791000296438,-7.558317999826476],[110.820824000215865,-7.558458999636038],[110.820820000260113,-7.558490999867543],[110.820819999835294,-7.558557999549506],[110.820827000267926,-7.558647000339897],[110.820844999617819,-7.558778999850593],[110.820856000181479,-7.558828999942484],[110.820873000101415,-7.558872000220732],[110.820909000011639,-7.55889999967119],[110.82094099989115,-7.558946999777125],[110.820997999700026,-7.558996999737493],[110.82106299960266,-7.559063999838283],[110.821163000269792,-7.559164000317063],[110.821270000210887,-7.559268000029462],[110.82132999997053,-7.559346000327375],[110.821391000402315,-7.559464000201955],[110.821436999655688,-7.55958099980869],[110.821479999984646,-7.559691999981091],[110.821512000426125,-7.559823999762939],[110.821541000362529,-7.559944999650245],[110.821609000004003,-7.560116000199755],[110.821758000242738,-7.560611000093175],[110.821900999792007,-7.561074999684297],[110.821986999923553,-7.561335000003925],[110.822169000360617,-7.561706000308098],[110.822279000052461,-7.561926999872521],[110.822325999869491,-7.561977000114599],[110.822361000113631,-7.562012000412609],[110.822408000197342,-7.56203700014569],[110.822460999660478,-7.562055000040108],[110.822515000047076,-7.562065999869531],[110.822560999606139,-7.562065999583279],[110.822633000055731,-7.562069000370655],[110.822714999634087,-7.562091000271028],[110.822765000407145,-7.562108999815019],[110.822817999759266,-7.562134000132438],[110.822878999727806,-7.562155000065437],[110.822915000354357,-7.562179999802118],[110.822936000226846,-7.562216000254095],[110.82295099977793,-7.562248000071537],[110.822951000018335,-7.562282999687509],[110.822935999630175,-7.562321999555646],[110.822904000322367,-7.562396999829773],[110.822865000212971,-7.562465000411181],[110.822804000388288,-7.562567999810228],[110.822754000411706,-7.562679000065752],[110.822689999949475,-7.562810999639698],[110.822624999883558,-7.562960000185293],[110.822579000407117,-7.56314599992356],[110.822521999990769,-7.563341999720618],[110.822521999886575,-7.563431000339645],[110.822518000280212,-7.563520000235664],[110.82252099994264,-7.56360199979998],[110.822539000003943,-7.563694000057872],[110.822575000433758,-7.56377299992371],[110.82265699955704,-7.563919000070946],[110.822714000192533,-7.564028999926965],[110.822774999819487,-7.564146999606147],[110.822859999663166,-7.564303999598583],[110.822945999616834,-7.564424999914184],[110.82303199993413,-7.564542999755577],[110.823100000010072,-7.564607000321538],[110.823164000002265,-7.564667999702158],[110.823242999648429,-7.564692000108995]]]]}},
{"type":"Feature","properties":{"OBJECTID_1":408,"PROVINSI":"Provinsi Jawa Tengah","KABUPATEN":"Kota Surakarta","KECAMATAN":"Kecamatan Serengan","KELURAHAN":"Kelurahan Kratonan","SUMBER":"Peraturan Walikota Surakarta Provinsi Jawa Tengah Nomor :146.3/12.2 Tahun 2020 Tanggal 4 Februari 2020 tentang Batas Wilayah Kecamatan dan Kelurahan Kota Surakarta","Shape_Leng":2367.8156903300001,"Shape_Area":338319.97893099999,"luas":33.858685592400001},"geometry":{"type":"MultiPolygon","coordinates":[[[[110.821805999798542,-7.578137000043465],[110.821796999815888,-7.578161000006149],[110.820966000191561,-7.580667000060448],[110.820471999776913,-7.582136999688151],[110.8146950001276,-7.580401000345261],[110.814538000150463,-7.58035199993225],[110.814556000421092,-7.580262999852714],[110.814610000082311,-7.579935000016088],[110.814712999708703,-7.579565000189593],[110.814971000283904,-7.578488999662649],[110.815067999832081,-7.578172000370718],[110.815292999755883,-7.57722400011049],[110.815439999569605,-7.576695999562111],[110.815628000026521,-7.576005000321615],[110.815804000340549,-7.57600499971391],[110.816328999971361,-7.576194999999323],[110.817214999708654,-7.576513000390753],[110.819518000388001,-7.577407000334544],[110.820038000292968,-7.57756199998301],[110.820915999944717,-7.577853999567066],[110.821589000440184,-7.578070999751543],[110.821805999798542,-7.578137000043465]]]]}},
{"type":"Feature","properties":{"OBJECTID_1":410,"PROVINSI":"Provinsi Jawa Tengah","KABUPATEN":"Kota Surakarta","KECAMATAN":"Kecamatan Banjarsari","KELURAHAN":"Kelurahan Manahan","SUMBER":"Peraturan Walikota Surakarta Provinsi Jawa Tengah Nomor :146.3/12.2 Tahun 2020 Tanggal 4 Februari 2020 tentang Batas Wilayah Kecamatan dan Kelurahan Kota Surakarta","Shape_Leng":6397.53078508,"Shape_Area":1505170.6708200001,"luas":150.63584659},"geometry":{"type":"MultiPolygon","coordinates":[[[[110.819294000201566,-7.550480999767282],[110.818656000275055,-7.551991999783169],[110.818488999554347,-7.551962999566679],[110.818356000188217,-7.551925000289311],[110.818137000337217,-7.55186300040668],[110.817959999967599,-7.551810999847983],[110.817789000400083,-7.551768000383729],[110.817550999882329,-7.551729999573728],[110.817450999607502,-7.551714999831747],[110.817269999908575,-7.551715000149779],[110.817089000211453,-7.55171500039283],[110.816845999672935,-7.551720000363939],[110.816693999644514,-7.551733999964976],[110.816469999950812,-7.551786000107363],[110.816226999603487,-7.551872000352695],[110.816018000177962,-7.551952000294989],[110.815837000362777,-7.552056999778424],[110.815640999924312,-7.552190000147258],[110.815469999629101,-7.55228999961222],[110.815226999900673,-7.552446000331667],[110.815116999631584,-7.55254099965962],[110.814998000114073,-7.552665000179192],[110.814898000202518,-7.55279800013944],[110.814840999565945,-7.552925999749714],[110.81478599972273,-7.553062000214797],[110.814328999731856,-7.552973000063324],[110.813664999791385,-7.552819000165543],[110.813014999955058,-7.552680000314131],[110.812907000367403,-7.552664000175764],[110.812897000007837,-7.552662000411757],[110.812507999599859,-7.553425000085991],[110.812129000097627,-7.554172999559797],[110.811793000198563,-7.554850000327211],[110.811517999734306,-7.555398999776274],[110.81125700033256,-7.555836999920417],[110.811056999932575,-7.556058000163686],[110.810921000392526,-7.556214000336274],[110.810880000052265,-7.55624900027378],[110.810872000389963,-7.556255000436483],[110.810869000335259,-7.556501999975028],[110.810881999570526,-7.556660000423705],[110.810755999558708,-7.55705900026238],[110.810423999583648,-7.557917999973491],[110.810281000118437,-7.558313000385343],[110.810155999755438,-7.558680999933911],[110.807686000155897,-7.559177000266375],[110.805993999844745,-7.559514000388001],[110.805184999952473,-7.559690000241176],[110.80306400022458,-7.560150000376521],[110.801198999875183,-7.560529999973839],[110.801041000371967,-7.560540999889851],[110.800766000123829,-7.560537999706087],[110.800621000297355,-7.560540000422309],[110.800480999678669,-7.560563999774719],[110.80023300041475,-7.560626000340963],[110.800031999567139,-7.560663999671307],[110.799723000016584,-7.560736000036057],[110.799606000308714,-7.560763000164489],[110.799330000084623,-7.560813000006914],[110.799134999694672,-7.560846000318539],[110.79904000029758,-7.560862000009712],[110.798861999670279,-7.560870999869592],[110.798661999763823,-7.560870999903658],[110.798372000218848,-7.560888000343901],[110.79806599986307,-7.560921000432971],[110.797829000024493,-7.560943000161041],[110.79768599998016,-7.560968000385892],[110.797217000245524,-7.561061000291443],[110.797218999645082,-7.560849999745385],[110.797201999582981,-7.560853000440322],[110.797209000277988,-7.560564000362565],[110.797191000243856,-7.560542000125988],[110.797092999816854,-7.5603979997158],[110.796992999615355,-7.560228999696473],[110.796992999671005,-7.56022499969418],[110.797048000058439,-7.559960000243527],[110.797089000384062,-7.559964999862885],[110.79709500023742,-7.559950000382001],[110.797503000129012,-7.559182999881528],[110.797825999703832,-7.558654999997426],[110.79839700018033,-7.557593999606744],[110.799149999820955,-7.556253000446516],[110.799453999794807,-7.555713000378418],[110.799852999841406,-7.554964000443624],[110.800218000434739,-7.554343999592294],[110.800750000251796,-7.553329000444833],[110.800978999569452,-7.552925000358258],[110.801135000437114,-7.552630000053225],[110.801267000228819,-7.55245000020948],[110.801829999712822,-7.551744999554532],[110.801957999557686,-7.551794000217394],[110.802044000415648,-7.551832999893994],[110.802128999650932,-7.551857999987157],[110.802203999977053,-7.55187599959884],[110.802244000226736,-7.551875999615557],[110.802268999598553,-7.551868999614863],[110.802304000164852,-7.551861999615694],[110.802336000300798,-7.551837000042271],[110.80239400011088,-7.551794000444451],[110.802429000251323,-7.551747999932275],[110.802475999904985,-7.551708999876253],[110.802500999727698,-7.551687000294936],[110.802543999968719,-7.55166600025575],[110.802601000334903,-7.551637999744594],[110.802632999987438,-7.551605999686645],[110.802687000346026,-7.551577000068718],[110.802740000397918,-7.551545000440582],[110.802762000206712,-7.551505999918923],[110.802783000165761,-7.551448999825411],[110.802811999797854,-7.551387999717517],[110.802839999574289,-7.551317000047389],[110.802900999686855,-7.551163999775384],[110.802939999999353,-7.551078000064254],[110.802975999870739,-7.55103599996014],[110.803005000366795,-7.551002999875318],[110.803043999770026,-7.550975000231984],[110.803094000185965,-7.550943000109932],[110.803143999684977,-7.550906999976015],[110.803189999797965,-7.550874999849331],[110.803229999930011,-7.550846999734824],[110.803283000298961,-7.550807999574659],[110.803325999949323,-7.550775999891271],[110.80337600031676,-7.550739999729954],[110.803404999867638,-7.550714999627602],[110.803432999570049,-7.550689999978007],[110.803457999707135,-7.550646999856647],[110.803494000386408,-7.550596999695981],[110.803550999614401,-7.550550999933117],[110.803608000229943,-7.550525999740464],[110.803666000260705,-7.55051599955823],[110.80374100038749,-7.550515999781792],[110.80383300015545,-7.550522999945731],[110.803901000030194,-7.550530000175133],[110.803975999764759,-7.550550999936092],[110.804051000395944,-7.550565999676111],[110.804104999766437,-7.55058299994175],[110.804129999578677,-7.550605000325814],[110.8041509996267,-7.550648000302868],[110.804169000118648,-7.550682999827633],[110.804189999756019,-7.550737000270777],[110.804201000014203,-7.550782999838958],[110.804233000175444,-7.550822000212676],[110.804255000089299,-7.550864999728225],[110.804298000340452,-7.550893999583359],[110.804372999795305,-7.550939999766053],[110.804447000288931,-7.550976000379244],[110.804580000392761,-7.551032999813143],[110.80472199962955,-7.551097000073621],[110.804896999756892,-7.551168000111085],[110.805029999929701,-7.551215000300428],[110.805147000222007,-7.551243000070989],[110.805232999696571,-7.55124300042403],[110.805344000298533,-7.551239999683248],[110.805428999818417,-7.551222000429982],[110.805600999962181,-7.551196999614088],[110.805729000224403,-7.551196999558723],[110.805929000396489,-7.551210999814043],[110.806161999738833,-7.551243999723064],[110.806351000370626,-7.551268999898033],[110.806786999835083,-7.551343999915034],[110.807271999732848,-7.551425999871905],[110.807543999555719,-7.551446999949745],[110.807736000284635,-7.551465000387488],[110.80809000040729,-7.551494000034189],[110.808282999584947,-7.551505000207412],[110.80843299980522,-7.55150800042688],[110.808679000019808,-7.55152300014935],[110.808803999759817,-7.551508999667326],[110.80892900028627,-7.55148700004083],[110.809003999651864,-7.551451999758263],[110.809103999595578,-7.551409000422813],[110.809207999814262,-7.551366000097058],[110.809351000231018,-7.551312999561736],[110.809489999698172,-7.551249000381187],[110.80981899991535,-7.551160000183145],[110.810036000042317,-7.551046000308535],[110.810489999829855,-7.550857000377025],[110.810761999690101,-7.550715000413474],[110.811132999988018,-7.550530000031677],[110.811401000302112,-7.550423000256067],[110.811726000095774,-7.550308999986174],[110.812118999630769,-7.550156000143482],[110.812487000080083,-7.550003000067907],[110.812904999867584,-7.549818000216368],[110.813373000272875,-7.549603999995132],[110.813765999800466,-7.549407999906103],[110.814041000138118,-7.549254999552556],[110.814222999555938,-7.549170000344107],[110.814309000054763,-7.549137000189418],[110.814390999788159,-7.54912000016092],[110.814468999824584,-7.549091000202948],[110.814512000427911,-7.549063000305265],[110.814615000057074,-7.548849000137587],[110.814657000122708,-7.548862999888978],[110.81496700004277,-7.548997000365051],[110.815270999645762,-7.549096000275408],[110.815618999878041,-7.549200999559828],[110.815847000216721,-7.549262999941775],[110.816133000255206,-7.549329999747033],[110.816403999711952,-7.549387000280102],[110.816637999620312,-7.549443999597275],[110.816928000189534,-7.549510999661345],[110.817118999558318,-7.549549000114162],[110.817265999649862,-7.549591000188651],[110.817379999804828,-7.549614999953705],[110.817537999900011,-7.549653000002531],[110.817642000182389,-7.549687000069834],[110.817798999639649,-7.549752999670621],[110.817976000345325,-7.549839000356026],[110.818194999741777,-7.549943000395356],[110.818465999756128,-7.550071999826972],[110.818937000314804,-7.550290999900067],[110.819099000054536,-7.550385999823046],[110.819294000201566,-7.550480999767282]]]]}},
{"type":"Feature","properties":{"OBJECTID_1":411,"PROVINSI":"Provinsi Jawa Tengah","KABUPATEN":"Kota Surakarta","KECAMATAN":"Kecamatan Banjarsari","KELURAHAN":"Kelurahan Mangkubumen","SUMBER":"Peraturan Walikota Surakarta Provinsi Jawa Tengah Nomor :146.3/12.2 Tahun 2020 Tanggal 4 Februari 2020 tentang Batas Wilayah Kecamatan dan Kelurahan Kota Surakarta","Shape_Leng":4513.7221286399999,"Shape_Area":839474.95964699995,"luas":84.013801833800002},"geometry":{"type":"MultiPolygon","coordinates":[[[[110.81478599972273,-7.553062000214797],[110.814754000051849,-7.553197999571237],[110.814717999828289,-7.553325999925474],[110.814688999942462,-7.553471999661496],[110.814657000362629,-7.55359700034285],[110.814628000105571,-7.553713999564812],[110.814588999598456,-7.553834999973782],[110.814578000282651,-7.553935000015361],[110.814571000262802,-7.554014000357801],[110.814566999961741,-7.554099000175472],[110.814581999546959,-7.554199000398528],[110.814599000174837,-7.554280999627533],[110.814624000168948,-7.554349000415951],[110.814666999893277,-7.554420000253764],[110.81472100010501,-7.554483999766268],[110.814802999621719,-7.554554999852295],[110.814878000427939,-7.554601999625687],[110.814949000444045,-7.554647999950839],[110.814996000445348,-7.554698000056227],[110.815048999978345,-7.554762000009982],[110.81507500007001,-7.554818999819597],[110.815096000186486,-7.554866999755347],[110.815117999593255,-7.554927000135524],[110.815139999575109,-7.554974999587887],[110.815151999986298,-7.555019000226636],[110.815166000167963,-7.555064999906005],[110.815174000311259,-7.55511099975922],[110.815201999867966,-7.555158000388933],[110.815226000262172,-7.555197999764063],[110.815269999822078,-7.555246000376735],[110.815312000072765,-7.555276000106114],[110.815343999725101,-7.555298000110836],[110.815386999612585,-7.555320000240991],[110.815479000449457,-7.555336000258741],[110.815556000437994,-7.55534200023488],[110.815616000342089,-7.55533899978721],[110.81569300003973,-7.555334999720356],[110.815781999943198,-7.555335000187068],[110.815893000073842,-7.555326999946146],[110.815958000405601,-7.555317000189435],[110.81602600036463,-7.555294000305206],[110.816139000060176,-7.555221999817348],[110.816256000048611,-7.555150000077735],[110.816377999575991,-7.555073000136792],[110.816477999845759,-7.555020999557756],[110.816551999754935,-7.554982999820465],[110.816691999577031,-7.554928999705818],[110.816817999988629,-7.554901999605983],[110.816897999882201,-7.554891999666594],[110.816971000364006,-7.554882999946984],[110.817031999633869,-7.554881000176065],[110.817080999798122,-7.554880999897663],[110.817123000068236,-7.554881000300864],[110.81719100011216,-7.554892000299007],[110.817260999582672,-7.55490799977634],[110.817299999846767,-7.554921999839545],[110.817347000041707,-7.554955000117042],[110.817414999892549,-7.555014000175899],[110.817570000329781,-7.55519299972832],[110.817830000403589,-7.555493000315654],[110.817968999555944,-7.555690000327069],[110.81801500022803,-7.555781000232981],[110.818030999894887,-7.555824000201724],[110.818040999718136,-7.555899000446719],[110.818060000144612,-7.556040999598814],[110.818070999550443,-7.556237999594464],[110.818096999706981,-7.556530000143983],[110.818104999766788,-7.556642000076968],[110.818099999979296,-7.556810000129563],[110.818096000257853,-7.556919000031091],[110.818094999908752,-7.556944000114913],[110.818148000246836,-7.557061999807835],[110.818196000257828,-7.557150000067981],[110.818228000290389,-7.557264999593271],[110.818263000335989,-7.557366000337971],[110.818282000389758,-7.55748099987445],[110.818284000267653,-7.557524000337041],[110.817276999579164,-7.557754000166439],[110.817039000185588,-7.557794000060301],[110.816771000204994,-7.557815000313993],[110.816497999936814,-7.557848999680994],[110.816317999860303,-7.557864999993178],[110.816183999718561,-7.55787899969843],[110.816022999785957,-7.557882000176463],[110.816020000390253,-7.558114999777615],[110.815949999723586,-7.558119999676789],[110.815822999556019,-7.558490999677958],[110.815440999673342,-7.559224000140865],[110.815437999628685,-7.559239999803806],[110.815592000043068,-7.559375999997274],[110.81549500009406,-7.559570999583246],[110.814737999853037,-7.563347000435587],[110.814598999880943,-7.564198999589212],[110.814424999765464,-7.565079000081758],[110.813297000182487,-7.564844000038939],[110.813214999944876,-7.564812999714765],[110.812335999555103,-7.564609000243384],[110.811956000118357,-7.564531000208612],[110.811484000197254,-7.564444999883606],[110.810857999910453,-7.564331000108331],[110.810863999588094,-7.564176000262255],[110.810898999800784,-7.563871999690555],[110.810922000229169,-7.563550000219267],[110.810938000101416,-7.563377000154877],[110.810958999841148,-7.563156999934442],[110.81015299979039,-7.563014000267208],[110.810047000202019,-7.562996000237],[110.809473999978479,-7.562895000359782],[110.809049999618651,-7.562819999878862],[110.808557000386472,-7.56273799991624],[110.807550000247261,-7.562489000282968],[110.806811999696706,-7.562322999586439],[110.806819000441308,-7.562302999951337],[110.807200999746954,-7.561035999717633],[110.807291000015951,-7.56073899978182],[110.807347000328164,-7.560554000321242],[110.807686000155897,-7.559177000266375],[110.810155999755438,-7.558680999933911],[110.810281000118437,-7.558313000385343],[110.810423999583648,-7.557917999973491],[110.810755999558708,-7.55705900026238],[110.810881999570526,-7.556660000423705],[110.810869000335259,-7.556501999975028],[110.810872000389963,-7.556255000436483],[110.810880000052265,-7.55624900027378],[110.810921000392526,-7.556214000336274],[110.811056999932575,-7.556058000163686],[110.81125700033256,-7.555836999920417],[110.811517999734306,-7.555398999776274],[110.811793000198563,-7.554850000327211],[110.812129000097627,-7.554172999559797],[110.812507999599859,-7.553425000085991],[110.812897000007837,-7.552662000411757],[110.812907000367403,-7.552664000175764],[110.813014999955058,-7.552680000314131],[110.813664999791385,-7.552819000165543],[110.814328999731856,-7.552973000063324],[110.81478599972273,-7.553062000214797]]]]}},
{"type":"Feature","properties":{"OBJECTID_1":412,"PROVINSI":"Provinsi Jawa Tengah","KABUPATEN":"Kota Surakarta","KECAMATAN":"Kecamatan Pasar Kliwon","KELURAHAN":"Kelurahan Mojo","SUMBER":"Peraturan Walikota Surakarta Provinsi Jawa Tengah Nomor :146.3/12.2 Tahun 2020 Tanggal 4 Februari 2020 tentang Batas Wilayah Kecamatan dan Kelurahan Kota Surakarta","Shape_Leng":3850.20629762,"Shape_Area":754528.43782,"luas":75.512607385699994},"geometry":{"type":"MultiPolygon","coordinates":[[[[110.840701339359256,-7.58958813260758],[110.840701335723367,-7.589588158838751],[110.840693156583853,-7.589637825752901],[110.84065947951369,-7.589731805418337],[110.840612355323728,-7.58979892529177],[110.840571099187869,-7.589844173012355],[110.840545043153355,-7.58987275147028],[110.840529750191124,-7.58988799961603],[110.840484464407169,-7.589933152679039],[110.840439331970131,-7.5899631506364],[110.840403702621416,-7.589986832755357],[110.840322933385394,-7.59006065395707],[110.840195067090022,-7.590127744118401],[110.840140187269284,-7.590147895840214],[110.840067208197979,-7.590174693100522],[110.839947553030044,-7.590186587571549],[110.839932633190614,-7.59018807099961],[110.839851874735075,-7.59019323981734],[110.839515456097047,-7.590214772051548],[110.839253029538895,-7.590254957379493],[110.839010803429474,-7.590254867744746],[110.838778975608975,-7.590249860069401],[110.838694567198758,-7.590248039519467],[110.838676715350729,-7.590250009379245],[110.838331212099447,-7.590288184113575],[110.838149542511445,-7.59028811651465],[110.838143863346289,-7.590289346423682],[110.837994774372831,-7.590321627434498],[110.837813087163028,-7.590368555683749],[110.83755738132048,-7.590428883630617],[110.837557207235051,-7.590428951408268],[110.837402603000967,-7.590489249187573],[110.837333132230398,-7.59050366283751],[110.837241106231332,-7.590522757319262],[110.837119983006843,-7.590549566806396],[110.837065458927356,-7.59059713395524],[110.836958445728058,-7.590690494229631],[110.836800074570689,-7.590858924398204],[110.836756509420766,-7.590905257265031],[110.83671444830803,-7.590932214818399],[110.836473843409721,-7.591086421272136],[110.835946411936732,-7.591643489636171],[110.835679559982552,-7.591925335813379],[110.835455971401245,-7.592229505777424],[110.834959233639083,-7.592905264850065],[110.834151409594142,-7.5939455825947],[110.833909078373992,-7.594214038482865],[110.833660041520403,-7.594422068259632],[110.833485036779948,-7.594583130289195],[110.833310050019705,-7.594697196275311],[110.833161985224052,-7.594791131395012],[110.833091853171567,-7.594804432377389],[110.83302067485495,-7.594817931951384],[110.832943438578113,-7.594834415166424],[110.832832259273971,-7.594858141760866],[110.832758234593513,-7.594884968114926],[110.832677483927895,-7.594905078155302],[110.832563098184394,-7.594905034087636],[110.832560082215238,-7.594904531794123],[110.8324823605072,-7.594891575543892],[110.83199128682206,-7.594602696375166],[110.830699801143552,-7.593581711108875],[110.82980513089565,-7.593003982546767],[110.829657129391705,-7.592936787456833],[110.829604228650709,-7.592917912788827],[110.82956294303446,-7.592903181977126],[110.829421654262688,-7.592876271701541],[110.829219805999472,-7.592856051296121],[110.828964132093603,-7.592829095906767],[110.82881430272262,-7.592806508626389],[110.828608729914095,-7.592789675890662],[110.82841685048453,-7.592780539108804],[110.828284361773356,-7.592779015950254],[110.828174533685569,-7.592781868969681],[110.828049842279086,-7.592785107758952],[110.827937675470338,-7.592776000488982],[110.827913999569603,-7.592776000160161],[110.827805999990758,-7.592763000337761],[110.827625000280491,-7.592737999571947],[110.827565000313129,-7.592726000183164],[110.8275619999756,-7.592725000348734],[110.827707999905741,-7.591952999731884],[110.827767999818406,-7.591686999769117],[110.827814000001013,-7.591584000267559],[110.827896999816929,-7.591432999992547],[110.827965999907335,-7.591281000037534],[110.828055000103376,-7.591120999833125],[110.828140999628744,-7.590947000218026],[110.828243999694919,-7.590729999572284],[110.828312999547805,-7.590562000441751],[110.82836999980529,-7.590332999669008],[110.828430000442069,-7.590138999650327],[110.828438999978744,-7.590093000444281],[110.828445000262519,-7.589810000277932],[110.828456000163811,-7.589732999568388],[110.828467999947677,-7.589678999727492],[110.828502000026361,-7.589639000437615],[110.828724999878972,-7.589459000423876],[110.828722999697376,-7.589430000059154],[110.828829000027767,-7.589350000113921],[110.829048999846094,-7.58920199968176],[110.829321000116366,-7.588944999987165],[110.829373000060613,-7.588901999998213],[110.829509999901944,-7.58877600023469],[110.829587999678949,-7.588675999948626],[110.829695999994314,-7.588527999586782],[110.829787999929025,-7.588424999766425],[110.829843000419359,-7.58833599993689],[110.829950999954406,-7.588148000365037],[110.83005199975662,-7.587987999868092],[110.830118000133098,-7.587874000199212],[110.830188999805088,-7.587813999819656],[110.830254999701637,-7.587708000136817],[110.830418999606451,-7.587388000425752],[110.830506999708547,-7.587180000110784],[110.830650999681239,-7.586925000269206],[110.83077599995039,-7.586656000200449],[110.830905000448624,-7.586506000436042],[110.83110800023023,-7.586186000209658],[110.831173000320348,-7.586017999901712],[110.831387000333265,-7.585487000355268],[110.83149699990723,-7.585239000135727],[110.831789999878893,-7.5853069996489],[110.831849999988563,-7.585321000250733],[110.83202500019226,-7.585361999622628],[110.832355999551027,-7.585473999921308],[110.832533999953668,-7.585539999828765],[110.83275799958561,-7.585636999756103],[110.83316499990768,-7.585824999820447],[110.833812000209008,-7.586165000126747],[110.834047000207264,-7.586288999571027],[110.834351000209367,-7.586410000295068],[110.83469200014946,-7.586576999562105],[110.835216999552259,-7.586835999704509],[110.835469000048818,-7.586960000311041],[110.835766000099952,-7.587105999710316],[110.836464999641592,-7.587454000402364],[110.837582999602731,-7.588011000056237],[110.837609000230458,-7.588024000288316],[110.838056000307844,-7.588243999976491],[110.838683000406931,-7.588550000126762],[110.839039999595769,-7.588739999747725],[110.83951999985031,-7.589014000302841],[110.84031099961274,-7.589403999976832],[110.840701000354173,-7.589588000416208],[110.840701339359256,-7.58958813260758]]]]}},
{"type":"Feature","properties":{"OBJECTID_1":413,"PROVINSI":"Provinsi Jawa Tengah","KABUPATEN":"Kota Surakarta","KECAMATAN":"Kecamatan Jebres","KELURAHAN":"Kelurahan Mojosongo","SUMBER":"Peraturan Walikota Surakarta Provinsi Jawa Tengah Nomor :146.3/12.2 Tahun 2020 Tanggal 4 Februari 2020 tentang Batas Wilayah Kecamatan dan Kelurahan Kota Surakarta","Shape_Leng":12381.3318268,"Shape_Area":5910939.2716499995,"luas":591.5628533},"geometry":{"type":"MultiPolygon","coordinates":[[[[110.83527013837066,-7.53263475801984],[110.835373684883223,-7.532567384657894],[110.83545169154597,-7.532516628607175],[110.835519356782939,-7.532472601385196],[110.835869951627444,-7.532319425200027],[110.836142161363384,-7.532189030899046],[110.836381059936727,-7.532083383014055],[110.836435310894856,-7.532043407639175],[110.836628523016572,-7.531840677485396],[110.836896926987265,-7.531528492215052],[110.837073007020265,-7.53130863011942],[110.837342361578294,-7.531065925066469],[110.837367564276278,-7.531077866630091],[110.83795411125547,-7.531452213080045],[110.838015492175373,-7.53149244399854],[110.838299229170161,-7.531657131146563],[110.838548511247268,-7.531820549869803],[110.838561239720107,-7.531942362389602],[110.838594242817734,-7.532016929359245],[110.838600418023461,-7.532032638619278],[110.838627862785316,-7.532102451822548],[110.838652427342311,-7.532163681385976],[110.838742982415383,-7.532257352387826],[110.838764339065534,-7.532279444465776],[110.838883557313679,-7.53234464464263],[110.838891578241331,-7.532364740846198],[110.838904517009667,-7.532398491560438],[110.838912422662915,-7.53242147059148],[110.838929628354677,-7.532466681989644],[110.838936011269411,-7.532509079807267],[110.838942306476255,-7.532550893239118],[110.838946047725997,-7.532567089163466],[110.838960474229367,-7.532575601061225],[110.839019805749231,-7.532611425824027],[110.839017953470545,-7.532666588644061],[110.839017359406142,-7.532711729271143],[110.839025259484771,-7.53285790645079],[110.839045305247254,-7.532949356978552],[110.839050970794105,-7.533044391561386],[110.839053814449144,-7.53307102048546],[110.839063395083798,-7.533160715010226],[110.839263697747498,-7.533201118000179],[110.839371131831015,-7.533228920535202],[110.839520312661705,-7.533260314116246],[110.839657464326692,-7.533296038855277],[110.840144719850656,-7.533348928192989],[110.840508343329077,-7.533400779666731],[110.840781232026572,-7.533429910294791],[110.84082152199835,-7.533433874301918],[110.841096775627065,-7.533473027345143],[110.84116719778693,-7.533483968360919],[110.84119297196284,-7.533487973202147],[110.84156285082193,-7.53353052345639],[110.841774273475124,-7.53355783565098],[110.841773057317297,-7.533604505692065],[110.841771332504052,-7.533661554606729],[110.842276348641064,-7.533734665183822],[110.84277279961249,-7.53380623976175],[110.842966201662378,-7.533815376587611],[110.843226610121405,-7.533813853423373],[110.843660624133364,-7.533787965058366],[110.844307837640173,-7.533736188185313],[110.844782967643255,-7.533690502290251],[110.845010482694491,-7.533661758686947],[110.845247477030654,-7.533638916124219],[110.845322858563776,-7.533629207752527],[110.845366830490832,-7.533620641607105],[110.845379965590126,-7.53361093295084],[110.845390244483013,-7.533601225094911],[110.845395383933891,-7.533593801277764],[110.84539881040773,-7.533585806070881],[110.845398810223386,-7.533576098203987],[110.845397668324637,-7.533565247459575],[110.845395384200316,-7.533557252950314],[110.845394241685113,-7.533553255243235],[110.845390815335918,-7.533548115159966],[110.845386247368538,-7.533544118052623],[110.845381678398454,-7.533537835995986],[110.845380536798913,-7.533528699415593],[110.845382820352455,-7.533517848975991],[110.845386247019277,-7.533514421857896],[110.845394242365785,-7.533510424663241],[110.845397668424823,-7.533508711708809],[110.845403950689033,-7.53350699795352],[110.84540966068765,-7.533503571641311],[110.845412516496552,-7.533499574441121],[110.845415371803909,-7.533494434766268],[110.845415561947689,-7.533487353843649],[110.845422414648553,-7.533280245452824],[110.845440172802157,-7.533277633889105],[110.845568365109415,-7.533258729233603],[110.845828834688703,-7.533219330105141],[110.846160953386416,-7.533140655957686],[110.846303962794849,-7.533110191336069],[110.846347845372492,-7.533100324284521],[110.846537907440705,-7.533069490743959],[110.846667420280028,-7.533055893351552],[110.846731937428345,-7.533050292210624],[110.846742699013831,-7.533049457438376],[110.846774264941445,-7.533047008047462],[110.846774206660115,-7.533052933878818],[110.846777974035888,-7.53314009433587],[110.846778941756199,-7.533228846764493],[110.846780125845598,-7.533271928328737],[110.846781316241717,-7.533297058662169],[110.846786707675392,-7.533310223881322],[110.846801600813862,-7.533317197010253],[110.846842651880877,-7.533314479561181],[110.84690013837789,-7.533325257737829],[110.846900207263147,-7.533325270425917],[110.846911087405559,-7.533345646097338],[110.846920113277477,-7.533362549372674],[110.846928967945246,-7.533379130560333],[110.84698891298666,-7.533438261676404],[110.846988956480715,-7.533438305111057],[110.847055082969092,-7.533478234312692],[110.847092771527073,-7.533495104174595],[110.847108143311971,-7.533501984289454],[110.847117288803588,-7.5335060779573],[110.847149397266008,-7.533520449247354],[110.84722671527912,-7.533545905557895],[110.847250867417102,-7.53355385703047],[110.847335092030804,-7.533549715418552],[110.847407713052391,-7.533546144150569],[110.847651277291803,-7.533468355244199],[110.847727604652206,-7.533431307902917],[110.847776778935042,-7.533406195080711],[110.847800772135315,-7.53337868000424],[110.84781037588661,-7.533347568774667],[110.847808166393904,-7.533307410432115],[110.847805774955305,-7.533263941292263],[110.847806987125566,-7.533226844306157],[110.847809035379441,-7.53322253292264],[110.84781778808069,-7.533204110734648],[110.847858397613521,-7.533186035210998],[110.847890941228613,-7.533169053223497],[110.847937873651233,-7.533152276140242],[110.847992350586907,-7.533142759052866],[110.84810353332827,-7.533139533933412],[110.848135411448609,-7.533138609661292],[110.848188053675528,-7.533137082903537],[110.848308717812785,-7.533133855591095],[110.848340492911049,-7.533139851245298],[110.848370466299286,-7.533155417551318],[110.848442458713805,-7.533186823888596],[110.848453515114542,-7.533190572643435],[110.848473799258954,-7.533186064942553],[110.848496722651021,-7.533174636367634],[110.848528692100231,-7.533158698009862],[110.848544916619659,-7.533150609509482],[110.848601034989585,-7.533110111317261],[110.848695631880318,-7.533053885048173],[110.848706786554573,-7.53304870298956],[110.848748402625077,-7.53302937127923],[110.848776502310528,-7.533032132691469],[110.848799518993374,-7.533052244755043],[110.84882635539654,-7.533122140360843],[110.848831002132499,-7.533150019974533],[110.848834014323955,-7.533168095270779],[110.848838800692903,-7.533195860051876],[110.848860015567283,-7.53322327138781],[110.848876202235886,-7.533232850061057],[110.848891790420723,-7.533235248937928],[110.848924165316646,-7.53323944827667],[110.848987077155087,-7.533233856200033],[110.849018367004234,-7.533227682428553],[110.849075930800041,-7.533214299224286],[110.849089740285294,-7.533214824112136],[110.84912677436121,-7.533216230817957],[110.849195843031879,-7.533222955677923],[110.8492370901497,-7.53323254387141],[110.849324378227777,-7.533263209058386],[110.849428925698234,-7.533315499437939],[110.849483597904523,-7.533344238399012],[110.849543065866214,-7.533371064021729],[110.849596782125076,-7.533388314573634],[110.849646623983489,-7.533393182909252],[110.849691938744513,-7.533430533777481],[110.849707754612353,-7.533469311883504],[110.849701864451561,-7.533503757780172],[110.849630299056912,-7.533545291067942],[110.849604387017067,-7.533575437892576],[110.849579910444362,-7.533617074179916],[110.849579123301154,-7.533623343499317],[110.849572696183273,-7.533674512035184],[110.849578437245782,-7.533717594257184],[110.849605668142388,-7.533755875154333],[110.849690073440726,-7.533800899363478],[110.84977927879595,-7.533831565119931],[110.849834912086735,-7.533854560334523],[110.849914532713129,-7.533864160718148],[110.849962499875446,-7.533861783657659],[110.850008549081551,-7.533856533918277],[110.850052241667726,-7.533842974871525],[110.85014896234668,-7.533789362326116],[110.850209013054339,-7.53375607561834],[110.850357464666232,-7.533596273990075],[110.850430074405182,-7.533522502889815],[110.850473726742038,-7.533478151243144],[110.850500623055254,-7.533450823348718],[110.850502684119874,-7.533448730872196],[110.850502707695483,-7.533448707361373],[110.850541547844145,-7.533409244182201],[110.850541790782273,-7.533409211700517],[110.850565173583547,-7.533406062723003],[110.85061565215085,-7.533399264897788],[110.850647763142717,-7.533403931683472],[110.850665131894303,-7.533421356049523],[110.850678854229244,-7.533448767458159],[110.850708216535523,-7.533507419982136],[110.850732534309941,-7.533555996563804],[110.850777749561487,-7.533614284516403],[110.850896992340736,-7.533768005622679],[110.85089734479152,-7.533768462551659],[110.850965262051972,-7.53383985551572],[110.851068093034584,-7.533947948890143],[110.851068162805831,-7.533948022184216],[110.85113715608837,-7.53391049775517],[110.851167442413015,-7.533894025839256],[110.851200094089592,-7.533876266614068],[110.851253750360343,-7.533859831578889],[110.85129028934675,-7.533848639052565],[110.851323019958613,-7.533838613032918],[110.851433822925586,-7.533902327097286],[110.851441712890391,-7.533906864394708],[110.851526003711314,-7.534009238999849],[110.851574764812824,-7.534068460688136],[110.851699829805185,-7.534135087720109],[110.851711524548023,-7.534141058239174],[110.851753782957246,-7.53416263031354],[110.851813006831193,-7.534204294152309],[110.851843217851396,-7.534225366435384],[110.851884078088204,-7.534269606604781],[110.851886026504602,-7.534278914407674],[110.851893350492119,-7.53431388855254],[110.851916402999606,-7.534423989123127],[110.851943604754041,-7.534458069939702],[110.851986998958097,-7.53449573742997],[110.852151092789427,-7.534498826803602],[110.852263549272635,-7.534514775282302],[110.852314078213183,-7.53452549341769],[110.852319016178257,-7.53452654076869],[110.852394825002676,-7.534542621583558],[110.852417691214541,-7.534552758691347],[110.852429176335164,-7.534564837697315],[110.852439363887129,-7.534575551266154],[110.852459554204742,-7.534618034069269],[110.852545831315638,-7.534801153984172],[110.852635729239708,-7.534916064925739],[110.852711542086936,-7.534998293438664],[110.852749847212536,-7.535039838853076],[110.852827944302149,-7.53508461430047],[110.852889717897042,-7.535003715645042],[110.85295759210517,-7.534908646190812],[110.853002372706044,-7.53484592371337],[110.853180998426822,-7.53478294762322],[110.853214429437742,-7.534771162304906],[110.853253038136913,-7.534772649699241],[110.853355748119341,-7.5347766063362],[110.85360917617345,-7.534965615586068],[110.85367995891329,-7.535016697829156],[110.853842794531644,-7.535134209119368],[110.853911627123011,-7.535183882255582],[110.853917536642498,-7.535188140239966],[110.853968880561695,-7.535250400082655],[110.854025649197752,-7.535319237968633],[110.854040962860367,-7.535337807611176],[110.854045808577965,-7.53534368351903],[110.854051787802533,-7.535350932945434],[110.854071754005048,-7.535364865491149],[110.854155823766277,-7.535423530593754],[110.854279221677501,-7.535449503056492],[110.854323077394213,-7.535433428928367],[110.854357864766115,-7.535396343087639],[110.854409442961582,-7.535354476735828],[110.854451422216272,-7.535330556614926],[110.854489824433259,-7.535242016273765],[110.854506261403841,-7.535202936975907],[110.854521027368335,-7.53516783271741],[110.854530318686429,-7.535150847031963],[110.854544331135941,-7.535138239235622],[110.854559536846665,-7.535132654030101],[110.854580998718518,-7.535124772383703],[110.854633773297891,-7.535091282740983],[110.854680545627986,-7.535073347934365],[110.854730910968982,-7.535072167898847],[110.854733368208301,-7.535072588435683],[110.85478312843847,-7.535081105208714],[110.854805477814182,-7.535081095433923],[110.854806580319718,-7.53508029887132],[110.854841680971148,-7.535054951729256],[110.854856433787972,-7.535040186763106],[110.854870347157402,-7.535031096804982],[110.854903929994606,-7.535012440276177],[110.854935271186491,-7.535001951290208],[110.854988995194134,-7.534997182090004],[110.855021613432342,-7.534995277912248],[110.855059028319459,-7.534991461244879],[110.855093563693146,-7.53498955769639],[110.855121384374868,-7.534989566903009],[110.855133473790403,-7.534983730984122],[110.855154583850748,-7.534967942325952],[110.855171378679813,-7.534948322280058],[110.855193926903624,-7.534936363150371],[110.855257729291182,-7.534916407671123],[110.855298506098137,-7.534899189045932],[110.855328249898903,-7.534883880846588],[110.855369510815081,-7.534852780807197],[110.855401935033001,-7.534834562574273],[110.855440702195082,-7.534811991821738],[110.85545724179417,-7.534796613219923],[110.855459737105605,-7.534794292910982],[110.855472473682212,-7.534783084940853],[110.855484207434969,-7.534772760406559],[110.855503912561872,-7.534740311757968],[110.855516912869135,-7.534712818857132],[110.855518716731623,-7.534696304674603],[110.855524621099462,-7.534683310631611],[110.855534703005219,-7.534657466707173],[110.855560787245238,-7.534620902546887],[110.855568329664678,-7.534610328774655],[110.855620428208908,-7.534532098636718],[110.855648951745891,-7.534492601746767],[110.855728120568386,-7.534416519832084],[110.85576042963541,-7.53438729469655],[110.855813686588306,-7.534339122951451],[110.855866459397362,-7.534310420151958],[110.855903640259243,-7.534287695961693],[110.855982126862685,-7.534235055768296],[110.855992789027965,-7.534227905011753],[110.856040067214238,-7.534212092349663],[110.856135089566394,-7.53416374976024],[110.856185226590668,-7.53412619119593],[110.856233436577639,-7.534096654645785],[110.856338968554397,-7.534077543101076],[110.856406070702604,-7.534058899258413],[110.856484895163902,-7.53403699916832],[110.856553725676662,-7.533991452075743],[110.856598212741261,-7.533953986592065],[110.856661544933829,-7.533902311012114],[110.856693217159247,-7.533857804654335],[110.856727779134843,-7.533777400377105],[110.856744077347216,-7.533743277999534],[110.856759011325266,-7.533712013624001],[110.856761904380306,-7.53366606228935],[110.856766232188789,-7.533631600398696],[110.85676598787002,-7.533627557784457],[110.856763369791992,-7.533584209815668],[110.856760502207095,-7.53355261668438],[110.856767367379746,-7.533522982422149],[110.856783203256597,-7.533500010556113],[110.856810552351675,-7.53347560689758],[110.856831041933432,-7.533463607206239],[110.856862277379633,-7.533471036720226],[110.856927620579071,-7.533500377076146],[110.856959574976329,-7.533512918557192],[110.856995390288319,-7.533535401643696],[110.85702671328329,-7.533555063708247],[110.857059322656667,-7.533577092552089],[110.857136244345298,-7.533627219209124],[110.857192831078422,-7.53366840295044],[110.857248461030878,-7.533700013282121],[110.8572935481521,-7.5337038579373],[110.857330004206858,-7.533699082818503],[110.857379034639649,-7.533685454218372],[110.857487464132319,-7.533639348180616],[110.857550275486616,-7.533608291124515],[110.857553129435331,-7.533606880015207],[110.857633006000711,-7.533565978607778],[110.857698488294645,-7.533538716175318],[110.857755254579601,-7.533518659440151],[110.857829817661155,-7.533491268774213],[110.857887169602293,-7.533479234865423],[110.857970237006313,-7.533473876893972],[110.858075315667918,-7.533496157112952],[110.858166434661186,-7.533547644146257],[110.858220384274887,-7.533587151634093],[110.858252750937481,-7.533617079038843],[110.858285117344593,-7.533650595784934],[110.858324774904389,-7.533665487930248],[110.858373937616392,-7.533671486675439],[110.858418307179491,-7.533671501022814],[110.858671473437411,-7.533669190206502],[110.858788116334026,-7.533650327696727],[110.858839840736294,-7.533647703925727],[110.858935966558136,-7.533653089970464],[110.859020507311044,-7.533666270584585],[110.859126981371773,-7.533701727005826],[110.859297642437696,-7.53380240742852],[110.859400753643087,-7.533849111063165],[110.859506262689294,-7.533900602441122],[110.859561090764771,-7.533940269252763],[110.859621353912132,-7.533985522631015],[110.85964357082311,-7.534008267088437],[110.85966274307485,-7.534053267576746],[110.859694091861499,-7.534145400195924],[110.859694296524992,-7.534146000897667],[110.85970403523514,-7.534174623788989],[110.85970162291899,-7.534217704188377],[110.859678069922893,-7.534245571948968],[110.859677582069253,-7.534246148909913],[110.859606294556286,-7.534302650988555],[110.859606251905262,-7.534302800229345],[110.859605790908191,-7.534304422884672],[110.859584997029785,-7.534377622368264],[110.859580668047627,-7.534416392768162],[110.859584253248215,-7.534455165705928],[110.859587905815943,-7.534507114668729],[110.859578535777771,-7.5345580906581],[110.859539499610946,-7.534704540189074],[110.859512613577152,-7.534783033080483],[110.859487651418476,-7.534846208556241],[110.859448809558245,-7.53488179373163],[110.859448638189264,-7.53488195016765],[110.859409409504551,-7.53488588241391],[110.859346228078977,-7.534892214934699],[110.859283167213022,-7.53489853572562],[110.859129384586936,-7.534893536454272],[110.859072292597659,-7.534891680895187],[110.858842819998287,-7.534933698542295],[110.85863228444866,-7.535035693529068],[110.858632127553733,-7.535035938617554],[110.858609869355973,-7.535070639876114],[110.858590083381443,-7.535101486644039],[110.85851658041598,-7.53521607856154],[110.858489951815116,-7.535257592545404],[110.858449809457483,-7.535345078862889],[110.858424078028705,-7.535401158557957],[110.858400250576324,-7.535453088688637],[110.858358918878011,-7.535482113903657],[110.858340035058134,-7.535495375157999],[110.858325123294989,-7.535505847090864],[110.858077002908232,-7.535611712965914],[110.857946606451407,-7.535651167926128],[110.857898694994574,-7.535665664433015],[110.857813684355719,-7.535691386390416],[110.857753031303744,-7.535732539205584],[110.857723240603548,-7.535752752145939],[110.857657121341461,-7.535797613726924],[110.857564583183205,-7.535860400755391],[110.857546949740609,-7.535872365224537],[110.857275511130993,-7.535976448276957],[110.857089783184776,-7.536103817511326],[110.857004126765858,-7.536210465759995],[110.856930841067097,-7.536335121737392],[110.856906019476696,-7.536377342680358],[110.856896876444878,-7.53639289562237],[110.856884928456864,-7.536442794259364],[110.856873265481411,-7.536491505285574],[110.856883985813283,-7.536522668594217],[110.856889288927562,-7.536538085145331],[110.856896606972555,-7.536559358556465],[110.856930708653806,-7.536658494550056],[110.856938583694628,-7.536689503150035],[110.856944365726363,-7.536712269507241],[110.856973131049173,-7.536825529554902],[110.856972391712333,-7.53684387042206],[110.856972002400255,-7.536853513035971],[110.856969572386959,-7.536913733240682],[110.856967536249201,-7.536964214043602],[110.856910365639663,-7.537090629242096],[110.856908057043682,-7.537095734798194],[110.856809406371028,-7.53715277291002],[110.856733129537375,-7.537157693247662],[110.856695037803604,-7.537160149356193],[110.856614856796568,-7.537165319866054],[110.856541084792894,-7.537177570740055],[110.85646827186423,-7.537189661806755],[110.856468201967331,-7.537189965720135],[110.85646017285714,-7.537225015263967],[110.856455789297627,-7.537244152767192],[110.856448670667021,-7.537275224300299],[110.856450724865326,-7.537335239727746],[110.856451639732612,-7.537361984612316],[110.856464847837884,-7.537452256213172],[110.856469586982868,-7.537484649596506],[110.8564905466569,-7.537562440640485],[110.856494957571726,-7.537639180572226],[110.856499489264323,-7.537718011009832],[110.856504765442182,-7.537840026876426],[110.85650498944085,-7.537845215576455],[110.856505000237277,-7.537845461623655],[110.856505440145057,-7.537855630969436],[110.856529389605782,-7.537957356164196],[110.856534158886646,-7.538041424151798],[110.856539226475164,-7.538059147288296],[110.856569642882675,-7.538165515055749],[110.856570000520023,-7.538166767100968],[110.856570091966489,-7.538167087349536],[110.856581388654561,-7.538223546311332],[110.856598826446003,-7.538310697612754],[110.85662758066303,-7.53838609770414],[110.856641952914572,-7.538439952503494],[110.856639480245391,-7.538458819261691],[110.856637214765968,-7.538476110322852],[110.856631132597329,-7.538522520123763],[110.856631037354418,-7.538522718193889],[110.856621873155234,-7.538541825185071],[110.85659924793049,-7.538588994833306],[110.856596455947027,-7.538594814840884],[110.856591533238813,-7.53860507740912],[110.856497963412423,-7.53871274782231],[110.856487838495468,-7.538734198242002],[110.856476392856109,-7.538758449688507],[110.856469162455355,-7.538773768961742],[110.856469150631924,-7.538809668716299],[110.856469112432919,-7.538925652051196],[110.856469072594408,-7.539046611436791],[110.856451722155214,-7.539222626454662],[110.856451025480808,-7.539229696362601],[110.856451024556478,-7.539229750636641],[110.856451007111616,-7.539279957102754],[110.856451939790219,-7.53928290631415],[110.856472570996544,-7.539348174348652],[110.856537088315278,-7.539416178630185],[110.856537303976907,-7.539416406653088],[110.85656246970423,-7.53946667474435],[110.856580445615478,-7.539502581298406],[110.856603588831035,-7.539531469160157],[110.856609213805612,-7.539538489579252],[110.856630787450868,-7.539574398214751],[110.856648758922674,-7.539621074601322],[110.856659017468715,-7.53966464577788],[110.856663128852759,-7.539682109891187],[110.856655118008504,-7.539746950621087],[110.856637653923784,-7.539888304206849],[110.856703606794213,-7.539891317230969],[110.856733733583582,-7.539925126436494],[110.856709874272596,-7.540155239076773],[110.856697375356745,-7.540239959928328],[110.856696037257436,-7.540257003439215],[110.856677787800905,-7.540314048829429],[110.856640717834907,-7.540543754598613],[110.856660976115208,-7.540547035787256],[110.856692327350075,-7.540598054882135],[110.856738613605316,-7.5408359553342],[110.856750172182686,-7.54093977505688],[110.856795258029294,-7.541129009125605],[110.856820325566318,-7.541172273970742],[110.856891347211743,-7.541226016130758],[110.857008477217676,-7.541278788273361],[110.857156688445457,-7.541330132264877],[110.857257833684542,-7.541361681477368],[110.857320757531738,-7.541289537045648],[110.857543475061192,-7.54104511914268],[110.85772393299878,-7.540881793131175],[110.85785413773813,-7.540784710631844],[110.857885644106759,-7.540791354095082],[110.858309801728652,-7.540889570814882],[110.858688760374946,-7.540921812931516],[110.859001689891002,-7.540965033044349],[110.859284859815503,-7.541015637337239],[110.859662908039041,-7.541063607022911],[110.859890194936753,-7.541071602115827],[110.860189436005271,-7.541112719295744],[110.860491096071911,-7.541166424166756],[110.860832976246797,-7.541218962064848],[110.860927393893448,-7.541228099323573],[110.860986785371765,-7.541230384153214],[110.861053790812861,-7.541236475119663],[110.861118512024206,-7.541250942594928],[110.861161913448669,-7.541279114802362],[110.861200746060376,-7.541319471049672],[110.86122891942658,-7.541357542581134],[110.8612456703558,-7.541401704591764],[110.861267329991762,-7.541476497881393],[110.861268899163605,-7.541481915862586],[110.861270603349041,-7.541481795190314],[110.861623015307174,-7.541456764216658],[110.861845351909864,-7.541443058755597],[110.861993068331458,-7.541444581641859],[110.862226065525192,-7.541446104207047],[110.862443834175281,-7.541447627287476],[110.862602210479267,-7.541455241091809],[110.862765156528226,-7.54147351575319],[110.862926578882565,-7.541488744181515],[110.862921716733538,-7.541522967153607],[110.862921676761303,-7.541523246653944],[110.862911642559951,-7.541576943448216],[110.862898303268238,-7.541648331737118],[110.86288680174566,-7.541709886090627],[110.862878662513026,-7.54175344231679],[110.862839341928293,-7.541963875129148],[110.862804616658408,-7.542149710436448],[110.862784325732648,-7.542258299789941],[110.862735797988421,-7.542518003561692],[110.862691253560712,-7.542756390518808],[110.862678030417541,-7.542827154677444],[110.862674588205394,-7.542845573402576],[110.862668846037963,-7.542876302634598],[110.862644774454537,-7.54298114224216],[110.862632533061728,-7.543034457507164],[110.862632038359081,-7.543036612043015],[110.862602613072454,-7.543164770743878],[110.862586001942717,-7.543237117739671],[110.862585977433938,-7.543237226280646],[110.862591646011168,-7.543557588666144],[110.862574855098359,-7.543556146929648],[110.862554586171939,-7.543554405590664],[110.861783339637199,-7.543323945278275],[110.861750371003268,-7.543314100348739],[110.861730949422906,-7.543372994526681],[110.861637274813305,-7.543657057573136],[110.861524176626759,-7.544000018377399],[110.861572464959565,-7.544040070031065],[110.86155658623791,-7.544294310401684],[110.861519632908809,-7.544625896776874],[110.861456442888453,-7.544888503916466],[110.861455873780002,-7.544890870096951],[110.86144385165062,-7.544986599874544],[110.861410148040733,-7.545098320138717],[110.861392231818044,-7.545157708668087],[110.861387435765593,-7.545168865949943],[110.861370630983117,-7.545207961658671],[110.861370317841832,-7.545209247860993],[110.861348360739967,-7.54529941588823],[110.861314744695477,-7.545423499862467],[110.861265784652517,-7.545528193983774],[110.861191413753446,-7.545595183797659],[110.861138965819137,-7.545647919077092],[110.861122527483133,-7.5457287844137],[110.861093406757149,-7.545872030441296],[110.861051194525473,-7.546064305541239],[110.861042968129141,-7.546101774826441],[110.861042892676977,-7.54610244870868],[110.861025976641528,-7.546254159974774],[110.861067019659544,-7.546544459251479],[110.861105368571174,-7.546866393264913],[110.861129590413398,-7.54689482894671],[110.861170092857449,-7.546922158983219],[110.861258751415107,-7.546964482206502],[110.861357592474619,-7.547012256879131],[110.861370978109392,-7.547018727005383],[110.861458810573481,-7.547056411280977],[110.861590398853835,-7.547141444747938],[110.861821867868585,-7.547286348107204],[110.86187863718861,-7.547373258338435],[110.861966685486166,-7.547556808448978],[110.861966874055071,-7.547556737951904],[110.861966999065856,-7.547556998508135],[110.861952999710539,-7.547561999989199],[110.861904000266563,-7.547581999978574],[110.861872999810231,-7.547598999757226],[110.861832999966282,-7.547630000369487],[110.861776999851187,-7.547666999563583],[110.8616910001696,-7.547748999860588],[110.861439000019246,-7.548085999780454],[110.861310999832298,-7.548243999679131],[110.861259999661883,-7.548283999951082],[110.861199999994227,-7.54832400007277],[110.86111200034658,-7.548354999843607],[110.860905000280397,-7.548375000138652],[110.860844999812727,-7.548371999570818],[110.860776999858999,-7.548359999573602],[110.860731999590627,-7.548349000114944],[110.860660999796778,-7.548337999600556],[110.860618000336743,-7.548332000337556],[110.86056700006057,-7.548324000318534],[110.860525000391192,-7.548321000021537],[110.86049100031245,-7.54832100002551],[110.860447999784213,-7.548324000332299],[110.860388000317656,-7.548348999823709],[110.860332000157698,-7.548377000145444],[110.860183999828465,-7.548475999840916],[110.859732999999864,-7.54882500021193],[110.859426000428002,-7.549037000175912],[110.859169999816217,-7.549279999750841],[110.858971999845807,-7.549498000144212],[110.85878699959045,-7.549657000323995],[110.858712999915738,-7.549707999686905],[110.858602999642514,-7.549749999563851],[110.858498000182479,-7.54980099971284],[110.858378000269965,-7.549826999845409],[110.858177000257484,-7.549860999930443],[110.858018000194477,-7.549878000383276],[110.857896000401993,-7.54988500010589],[110.857823000294587,-7.549917000013249],[110.857708999732239,-7.549916999995376],[110.857619999721379,-7.549898000326356],[110.857519000386873,-7.549865999839227],[110.857403999754837,-7.549828000163024],[110.857258000149088,-7.549796000307551],[110.857068000373502,-7.549777000089162],[110.856788999863241,-7.549757999577137],[110.856565999707101,-7.549719999554224],[110.856407999826459,-7.54971400010723],[110.856198000298477,-7.549745000381402],[110.855970000300388,-7.549782999625428],[110.855773000265202,-7.549770999732425],[110.855562999786031,-7.549720000270458],[110.855392000361292,-7.549656000446608],[110.855208000133658,-7.549587000299588],[110.855005000310939,-7.549485000422942],[110.854775999765465,-7.549403000036179],[110.854566999629839,-7.549326999879185],[110.854401999749612,-7.549294999989121],[110.854211000318315,-7.549263000410457],[110.85402100028189,-7.549199999600862],[110.853875000047793,-7.549173999551319],[110.853772999640441,-7.54917399980874],[110.853671000301489,-7.549186999642624],[110.853569999640783,-7.549225000339733],[110.853456000236818,-7.549275999872594],[110.853385999733831,-7.549326000113275],[110.853208000158546,-7.549465999716711],[110.853105999827207,-7.549572999790302],[110.852940999886428,-7.549838999624991],[110.852845999693216,-7.5500170000074],[110.852712000360697,-7.550225999556356],[110.852603999688824,-7.550383999941936],[110.852540999624054,-7.550516999559136],[110.852495999683214,-7.550611999666925],[110.852495999890294,-7.550712999608314],[110.852483999800597,-7.550846999696875],[110.852465000369648,-7.551049000398347],[110.852438999925113,-7.551232999567319],[110.852357000431169,-7.551422999736496],[110.852185000235764,-7.551587999653785],[110.851936999692427,-7.551922999726728],[110.851740000126128,-7.552120000152065],[110.851429000325552,-7.552334999787794],[110.851239000255418,-7.552454999805193],[110.850972000278546,-7.55257600016431],[110.850655000097163,-7.552657999854863],[110.850286000105129,-7.552771999704166],[110.850007000187446,-7.552872999799044],[110.849809999664942,-7.552943000210653],[110.849625999623697,-7.553018999602121],[110.849333999699439,-7.553176999967349],[110.848730999793517,-7.553601000237426],[110.848450999666298,-7.553867000013146],[110.848019000104344,-7.554278999714917],[110.847899000236183,-7.5543929999525],[110.847796999836902,-7.554430999829408],[110.847670000344706,-7.554442999917748],[110.847523999607816,-7.554456000123396],[110.847219000347692,-7.554450000252172],[110.846953000052835,-7.554430999770289],[110.846705000159886,-7.554436999652328],[110.846470000078298,-7.554486999592703],[110.846209999948258,-7.554600999868424],[110.845975000344993,-7.554702999717324],[110.845783999874499,-7.554727999788596],[110.845618999994684,-7.554728000289364],[110.84544099975885,-7.55469599963664],[110.845111000451965,-7.554676999800734],[110.844845000423845,-7.554613999695027],[110.844590999680165,-7.554555999644973],[110.844261000417134,-7.554512000442627],[110.843847999643074,-7.554531000027366],[110.843529999871706,-7.554561999838344],[110.843155999652566,-7.554619000199589],[110.842826000046841,-7.554643999688958],[110.842323999768638,-7.554619000019674],[110.841987999579231,-7.554592999709061],[110.841670000340201,-7.554529999667875],[110.841046999746666,-7.554397999989241],[110.840527999564927,-7.554345999678491],[110.840061999788929,-7.554265000434664],[110.83950500029475,-7.554135999679893],[110.839280999695717,-7.554102999973201],[110.839130999960346,-7.554122000440586],[110.838770999603341,-7.554131999792544],[110.838242000193787,-7.554125000008678],[110.836465000107125,-7.553978000414305],[110.83648500027428,-7.553407999848126],[110.836468999835233,-7.552802999703087],[110.836442000359355,-7.552576000206082],[110.836283000299801,-7.552167000448017],[110.836206000345342,-7.551964000358034],[110.836141999547294,-7.551750999671389],[110.836037999731715,-7.551453000436482],[110.836005000396227,-7.551313000280708],[110.836002999692809,-7.551181000023824],[110.836019999645103,-7.550774999709047],[110.836045999595555,-7.550779000432573],[110.836045000022708,-7.550746999957221],[110.836091999786007,-7.55008599967692],[110.836085999722428,-7.550001999873865],[110.836091999824134,-7.549902999548882],[110.836087999604899,-7.549820999597074],[110.836233000003674,-7.549842000205637],[110.836250000276578,-7.549602999933811],[110.836380999821728,-7.549127999983767],[110.836420000446708,-7.54913899969324],[110.836440999649724,-7.549101000193369],[110.836434999749343,-7.549013999928266],[110.836370000351138,-7.548784000181193],[110.836260000300555,-7.548769999644722],[110.836237999955827,-7.548690999739692],[110.836194999683798,-7.548664000273063],[110.836170999549495,-7.548606999686409],[110.836071000076089,-7.548585000112217],[110.836070999758377,-7.548426999600479],[110.836182000135821,-7.548307000122252],[110.836261000333323,-7.548290000270301],[110.836261000451344,-7.548268000198677],[110.83625799976916,-7.548100000335698],[110.836046999583729,-7.548079000322725],[110.835984000325595,-7.547904000088501],[110.836206999999078,-7.547749999983106],[110.836228999776466,-7.54768100031087],[110.836152000389902,-7.547611000172068],[110.836095999832267,-7.547592999923724],[110.835885999628999,-7.547630000402529],[110.835786999591036,-7.547354999862801],[110.835849000167443,-7.547076999621406],[110.835899999618363,-7.546756000069546],[110.835196999880708,-7.546632999804612],[110.835229999811673,-7.546128000177215],[110.835230999727216,-7.546123000085242],[110.835475999812559,-7.545484000214829],[110.835488999818111,-7.545164000414349],[110.83515399966268,-7.544501999568279],[110.835135999995416,-7.544205000371645],[110.834671999778251,-7.544065000216683],[110.834646999778968,-7.544056999783594],[110.834211999683276,-7.543937999778101],[110.833847000256227,-7.543850999818963],[110.833197000280535,-7.543595999846527],[110.832589999760941,-7.543572999865216],[110.832102000421656,-7.543403000390339],[110.832098999753697,-7.542536000451787],[110.832201999959096,-7.542399999723463],[110.83229799973067,-7.542294000003219],[110.832378000214376,-7.542205000066367],[110.832427999664532,-7.542018999603953],[110.832466999742508,-7.541980000390358],[110.832483999864749,-7.541707999653278],[110.832224999881504,-7.541665000207973],[110.832111999605047,-7.541657999798999],[110.832048999704767,-7.541658000039812],[110.831664999828106,-7.541546999971816],[110.831282999804102,-7.541436000341705],[110.831479999670009,-7.541037999862802],[110.831761999811675,-7.5404679997306],[110.83189599958979,-7.540197999660216],[110.832077000239593,-7.539832999616596],[110.832381999920585,-7.539082000430278],[110.83250700012232,-7.538721000442476],[110.832737999611439,-7.538056000054172],[110.832924999767457,-7.538098999719709],[110.832925999968438,-7.538097999645683],[110.83292999976203,-7.538098999819247],[110.832966000008213,-7.538014999692467],[110.833206000395279,-7.5373759998274],[110.833527000038274,-7.537264999965047],[110.833558000060592,-7.537212000254658],[110.833743999638259,-7.536837999926141],[110.83377400036413,-7.536522000211329],[110.83366300004829,-7.536001999554006],[110.833749999673714,-7.53563700004206],[110.833610000130008,-7.535528999825821],[110.833677999791746,-7.535330000048603],[110.833727999925372,-7.534965000038709],[110.834062999852975,-7.534078999855683],[110.834248000182498,-7.534128000004135],[110.834248000036254,-7.534125999996466],[110.834253000131866,-7.534128000087583],[110.834362000312126,-7.533895999741429],[110.834527999943703,-7.533640999559267],[110.834604999940254,-7.53353500019856],[110.834684000024197,-7.533442000271334],[110.83474699995584,-7.533378999834722],[110.834813999649342,-7.533293000355894],[110.835129000197227,-7.532777999909712],[110.835129526135248,-7.53277746641045],[110.835129939759767,-7.53271675805196],[110.835241163904527,-7.532651705125062],[110.83527013837066,-7.53263475801984]]]]}},
{"type":"Feature","properties":{"OBJECTID_1":414,"PROVINSI":"Provinsi Jawa Tengah","KABUPATEN":"Kota Surakarta","KECAMATAN":"Kecamatan Banjarsari","KELURAHAN":"Kelurahan Nusukan","SUMBER":"Peraturan Walikota Surakarta Provinsi Jawa Tengah Nomor :146.3/12.2 Tahun 2020 Tanggal 4 Februari 2020 tentang Batas Wilayah Kecamatan dan Kelurahan Kota Surakarta","Shape_Leng":8053.7449196099997,"Shape_Area":2037261.02146,"luas":203.88726417399999},"geometry":{"type":"MultiPolygon","coordinates":[[[[110.820815999959308,-7.540889999693256],[110.821051000350934,-7.54155600005336],[110.821296000169383,-7.542159000123328],[110.821698000306725,-7.542946999918676],[110.822056000332523,-7.543532999889597],[110.822454000002779,-7.54419899975261],[110.822785000097667,-7.544742999821285],[110.822997999823286,-7.545083999734137],[110.823242999964648,-7.545404999764286],[110.823864000408093,-7.546108000371976],[110.824725999904544,-7.546919000318159],[110.825021000053567,-7.54719400030006],[110.82532699997428,-7.547509000070351],[110.82539299994113,-7.547581999954105],[110.82594399971012,-7.547591999917893],[110.827321000072217,-7.547613000200882],[110.828399999959743,-7.547616999975958],[110.828811000429482,-7.547623000132061],[110.829512999936227,-7.547650999583849],[110.829635999939043,-7.54767000010561],[110.830174999629477,-7.547837000029536],[110.830248000070767,-7.547863999971898],[110.830299000425583,-7.547883999934111],[110.830363999561555,-7.547919999943754],[110.830387999713395,-7.547940000271261],[110.830395999722327,-7.547945999775102],[110.830680000391197,-7.547739000257836],[110.831645000352211,-7.54709999970463],[110.832517000013496,-7.546501000346153],[110.832734999948954,-7.546351999661125],[110.833665999561234,-7.546509999870377],[110.83375300031615,-7.54595099995002],[110.834897999603527,-7.546119000183808],[110.835229999811673,-7.546128000177215],[110.835196999880708,-7.546632999804612],[110.835899999618363,-7.546756000069546],[110.835849000167443,-7.547076999621406],[110.835786999591036,-7.547354999862801],[110.835885999628999,-7.547630000402529],[110.836095999832267,-7.547592999923724],[110.836152000389902,-7.547611000172068],[110.836228999776466,-7.54768100031087],[110.836206999999078,-7.547749999983106],[110.835984000325595,-7.547904000088501],[110.836046999583729,-7.548079000322725],[110.83625799976916,-7.548100000335698],[110.836261000451344,-7.548268000198677],[110.836261000333323,-7.548290000270301],[110.836182000135821,-7.548307000122252],[110.836070999758377,-7.548426999600479],[110.836071000076089,-7.548585000112217],[110.836170999549495,-7.548606999686409],[110.836194999683798,-7.548664000273063],[110.836237999955827,-7.548690999739692],[110.836260000300555,-7.548769999644722],[110.836370000351138,-7.548784000181193],[110.836434999749343,-7.549013999928266],[110.836440999649724,-7.549101000193369],[110.836420000446708,-7.54913899969324],[110.836380999821728,-7.549127999983767],[110.836250000276578,-7.549602999933811],[110.836233000003674,-7.549842000205637],[110.836087999604899,-7.549820999597074],[110.836091999824134,-7.549902999548882],[110.836085999722428,-7.550001999873865],[110.836091999786007,-7.55008599967692],[110.836045000022708,-7.550746999957221],[110.836045999595555,-7.550779000432573],[110.836019999645103,-7.550774999709047],[110.836002999692809,-7.551181000023824],[110.836005000396227,-7.551313000280708],[110.836037999731715,-7.551453000436482],[110.836141999547294,-7.551750999671389],[110.836206000345342,-7.551964000358034],[110.836283000299801,-7.552167000448017],[110.836442000359355,-7.552576000206082],[110.836468999835233,-7.552802999703087],[110.83648500027428,-7.553407999848126],[110.836465000107125,-7.553978000414305],[110.836429999990543,-7.553975000415245],[110.833091000093319,-7.553564000145308],[110.831313000444339,-7.553352999917164],[110.830035000093844,-7.553174999716959],[110.829138000366569,-7.553039000375645],[110.828494000338267,-7.55289499999054],[110.827782999996145,-7.5527850003865],[110.827504000124819,-7.552718000033749],[110.82702200024697,-7.552674999737321],[110.826538999753552,-7.552616000281719],[110.826089999735231,-7.552581999874961],[110.825642000085608,-7.552564999902811],[110.825041000123605,-7.552581000266621],[110.824506999806843,-7.552563999957223],[110.824159999810931,-7.552513000049854],[110.823771000007724,-7.552436999601042],[110.823289000018121,-7.552327000013515],[110.822940999731827,-7.552200000366566],[110.822187999824379,-7.551844999883389],[110.821569999934795,-7.551548999596842],[110.821019999628149,-7.551329999808218],[110.820394000035947,-7.55105099962405],[110.819826999745089,-7.550780000294439],[110.819294000201566,-7.550480999767282],[110.819099000054536,-7.550385999823046],[110.818937000314804,-7.550290999900067],[110.818465999756128,-7.550071999826972],[110.818194999741777,-7.549943000395356],[110.817976000345325,-7.549839000356026],[110.817798999639649,-7.549752999670621],[110.817642000182389,-7.549687000069834],[110.817537999900011,-7.549653000002531],[110.817379999804828,-7.549614999953705],[110.817265999649862,-7.549591000188651],[110.817118999558318,-7.549549000114162],[110.816928000189534,-7.549510999661345],[110.816637999620312,-7.549443999597275],[110.816403999711952,-7.549387000280102],[110.816133000255206,-7.549329999747033],[110.815847000216721,-7.549262999941775],[110.815618999878041,-7.549200999559828],[110.815270999645762,-7.549096000275408],[110.81496700004277,-7.548997000365051],[110.814657000122708,-7.548862999888978],[110.814615000057074,-7.548849000137587],[110.814612000052477,-7.548848000219798],[110.814505000164658,-7.548811000422512],[110.814269999571167,-7.548732000409505],[110.814079999833481,-7.548591999840895],[110.813852000403656,-7.548416999670897],[110.813604999974075,-7.548218000278085],[110.813388000012196,-7.548022000448486],[110.813065999799733,-7.547743999776151],[110.812702000242354,-7.547437000267668],[110.812555999785346,-7.547332999886951],[110.81230899957157,-7.547211999941961],[110.812180999946307,-7.547148000013039],[110.811992000378595,-7.547023000376883],[110.811869999804827,-7.546933999721579],[110.811731000262924,-7.546824000263133],[110.811616999563995,-7.546699000196844],[110.81152800032298,-7.546598999624754],[110.811449000124597,-7.546530999794739],[110.811335000378264,-7.54644599973916],[110.811195999671185,-7.546330999652256],[110.811034999880434,-7.546189000362145],[110.810967000394584,-7.546102999737887],[110.810931000251841,-7.546021000286546],[110.810906999740027,-7.54590400007105],[110.810882000161499,-7.545779000309983],[110.810875000269348,-7.545578999585877],[110.810849999772202,-7.54509100042787],[110.81085199996852,-7.545023000247284],[110.810852999631976,-7.54499000015878],[110.810841999593791,-7.5448899997151],[110.810814000267882,-7.54477200002009],[110.810770999960411,-7.544708000276725],[110.810703000306987,-7.544597999562293],[110.810674000315046,-7.544530000434146],[110.810657000118113,-7.544462000167962],[110.810641999735267,-7.544401999879185],[110.810641000251906,-7.54434699978336],[110.810641000141473,-7.54434099977074],[110.810638999951024,-7.544262999645426],[110.810675000161851,-7.544162999644175],[110.810731999756257,-7.544052000111187],[110.810899999878416,-7.543866999575256],[110.811088000091203,-7.543753000073184],[110.811159000346223,-7.543897999840573],[110.811242999662568,-7.544058999814353],[110.811355999996351,-7.543992999583988],[110.812026000081133,-7.544086000177816],[110.812673000073389,-7.544188999872529],[110.813609000178104,-7.544371000404612],[110.81411699961663,-7.544510999855294],[110.814611000267675,-7.544663000052424],[110.814714000345418,-7.544392000112665],[110.814661000281149,-7.544278999552981],[110.814614999898808,-7.544212999802148],[110.814552000218981,-7.544066999888776],[110.81455500015241,-7.54401700013987],[110.814555000236538,-7.543987000069996],[110.814318999840552,-7.543728999739999],[110.814283000109711,-7.543374999909474],[110.81417099955425,-7.542752000169952],[110.814415999895331,-7.542619999849986],[110.814788000053142,-7.542447000165656],[110.815155999863464,-7.542294999874241],[110.815605000260575,-7.542126999909853],[110.816068999680141,-7.541935000294353],[110.8164440000008,-7.541779000018998],[110.816599999903488,-7.541735999758286],[110.816876000128318,-7.541652999836995],[110.816883000274103,-7.541488000082024],[110.816952000367877,-7.541335999620501],[110.816999000441143,-7.54127299967237],[110.817022000414184,-7.541203000065692],[110.817069000035417,-7.541100000004925],[110.817112000315063,-7.541063999797668],[110.817161999553647,-7.541033999812981],[110.817277999839348,-7.540990999769495],[110.817364000303343,-7.540957999862349],[110.817457000194793,-7.540957999779161],[110.817656000404639,-7.540944999962648],[110.817699000061424,-7.540944999790797],[110.817718999738148,-7.540828999676032],[110.817749000283825,-7.540749999753195],[110.817821999556728,-7.540736000267893],[110.81787200015296,-7.540644000035031],[110.817908000157558,-7.540580999926044],[110.817955000371981,-7.540541000381692],[110.818014999859557,-7.540482000308551],[110.818057999898826,-7.540405000346172],[110.818114000053669,-7.540332999917123],[110.818153999845137,-7.540273000099504],[110.818174000109977,-7.540265999799089],[110.818230999688495,-7.540183999742018],[110.818284000390065,-7.540163999993101],[110.818372999796381,-7.539898999590631],[110.81932900003217,-7.540180999952882],[110.820560000276117,-7.540539000073514],[110.820662999783423,-7.540890000323595],[110.820810999935503,-7.54089000035912],[110.820815999959308,-7.540889999693256]]]]}},
{"type":"Feature","properties":{"OBJECTID_1":415,"PROVINSI":"Provinsi Jawa Tengah","KABUPATEN":"Kota Surakarta","KECAMATAN":"Kecamatan Laweyan","KELURAHAN":"Kelurahan Pajang","SUMBER":"Peraturan Walikota Surakarta Provinsi Jawa Tengah Nomor :146.3/12.2 Tahun 2020 Tanggal 4 Februari 2020 tentang Batas Wilayah Kecamatan dan Kelurahan Kota Surakarta","Shape_Leng":8121.2296448799998,"Shape_Area":1542007.09017,"luas":154.315830355},"geometry":{"type":"MultiPolygon","coordinates":[[[[110.786989000094906,-7.565775000308692],[110.787075000286208,-7.565794000239086],[110.787164999858192,-7.565779999852383],[110.787298999890155,-7.565756000107427],[110.787375000241127,-7.565742000085355],[110.787480000419833,-7.56572300016351],[110.787566000452216,-7.565708999553326],[110.787637000213891,-7.56569000021639],[110.78781800036046,-7.565627999684848],[110.787888999605983,-7.565623000302741],[110.787989000273754,-7.565619000083329],[110.78806100037265,-7.56563800024997],[110.788127000095869,-7.565675999747133],[110.788169999903388,-7.565713999822645],[110.788226999711824,-7.565794999899466],[110.78826099994933,-7.565865999659508],[110.788274999552399,-7.565946999654996],[110.788289000156666,-7.566065000094548],[110.788284000045877,-7.566165000358429],[110.7882599999202,-7.566279000438851],[110.788226999711185,-7.566308000236979],[110.78819900036963,-7.566360000194514],[110.788170000234771,-7.566411999663782],[110.788141000446558,-7.566492999576053],[110.788131999718246,-7.56654499971272],[110.788131999865158,-7.566592999700625],[110.788146000016098,-7.566645000157551],[110.788183999888659,-7.566688000063553],[110.788227000001584,-7.566706999687239],[110.788279000296669,-7.566716000061149],[110.78835500011391,-7.566735000316504],[110.788412999837931,-7.566739999969226],[110.78851300024678,-7.566777999626606],[110.788602999862647,-7.566835000288263],[110.788727000106633,-7.56691600021526],[110.788812999634985,-7.566978000252241],[110.788888999794835,-7.567029999956589],[110.788940999932976,-7.567073000245117],[110.789041000307691,-7.567102000238409],[110.789117000393077,-7.567101999915301],[110.789207999613126,-7.567101999593906],[110.789302999560348,-7.567106999828894],[110.789417000002146,-7.567140000168992],[110.78956500022943,-7.5671969996989],[110.789721999907727,-7.567267999898871],[110.789846000323266,-7.56732500042403],[110.789974000176286,-7.56740099967188],[110.790041000150666,-7.56750100026361],[110.790126000348181,-7.567614999557823],[110.790192999972263,-7.567743999669427],[110.790226000147172,-7.567882000146223],[110.790202000118185,-7.567990999884552],[110.790206999691932,-7.568167000447322],[110.790240000383619,-7.568303999564971],[110.790326000260137,-7.568446999749097],[110.790396999707923,-7.568541999951058],[110.790502999605408,-7.568656000225084],[110.790575000327209,-7.568736999978539],[110.79065999999888,-7.568803999633867],[110.790792999674267,-7.568918000140765],[110.790873999845076,-7.568970000100504],[110.790959999666214,-7.568999000186088],[110.791040999642235,-7.569027000119889],[110.791102999692882,-7.569064999978054],[110.791141000070709,-7.569107999635434],[110.791170000178425,-7.569165000402822],[110.791183999788231,-7.569236000312091],[110.791183999874434,-7.569298000300565],[110.791168999965208,-7.569388000334009],[110.791174000036534,-7.569479000450304],[110.791165000071615,-7.569578999736788],[110.791173999548164,-7.569659000413867],[110.791203000323691,-7.569726000272419],[110.791254999923652,-7.569791999837249],[110.79132200030773,-7.569868000244172],[110.79140299985491,-7.569934999654171],[110.791469000081179,-7.57000600001392],[110.791541000088429,-7.570078000067431],[110.79163999983281,-7.57020099989115],[110.791782999945752,-7.570367999902158],[110.791825999630206,-7.570405999630045],[110.791873999723919,-7.570425000388612],[110.791949999994472,-7.570458000033252],[110.792102000386961,-7.570496000193298],[110.792168999968354,-7.570525000030456],[110.79225499972992,-7.570571999865754],[110.792325999671661,-7.570624000225162],[110.792482999996466,-7.570701000368863],[110.792597000108501,-7.570795999893159],[110.792701999684951,-7.570880999631951],[110.792773000135583,-7.570990999911166],[110.792821000305821,-7.571105000099574],[110.79285799959608,-7.571212000030268],[110.792877999761629,-7.571227999583383],[110.792938000358149,-7.571801999950502],[110.792961000082443,-7.571918999548807],[110.792995000267751,-7.571987000310904],[110.793033000275557,-7.57204500025852],[110.793032733592952,-7.572045346581357],[110.792986862502318,-7.572021033525373],[110.792986684868993,-7.572020939365932],[110.792969965703207,-7.572025129522259],[110.792953964588023,-7.572029140010113],[110.792953801394731,-7.572029180638122],[110.792946878622288,-7.572056974719743],[110.792940107527258,-7.572084162812781],[110.792920150630565,-7.572178748514902],[110.792918918869191,-7.572182123776825],[110.792910543437202,-7.572205071397073],[110.79290649302267,-7.57221852039632],[110.792903336949081,-7.572229001028831],[110.792893217203755,-7.572261784995207],[110.792885585900905,-7.572281191585294],[110.792858695720255,-7.572349569561021],[110.792842625042852,-7.572389122291812],[110.792822724533465,-7.572435789436257],[110.792804351407682,-7.572478875217142],[110.792790617454031,-7.572511425892379],[110.792777698477565,-7.572542046606866],[110.792762434010115,-7.572580916768663],[110.792758246220131,-7.572591579631784],[110.792737352905448,-7.572646137749055],[110.792726540384436,-7.572677378188045],[110.792715736939158,-7.572708593303107],[110.792689091309313,-7.572754532672151],[110.792651647461938,-7.572811237589853],[110.792607789711766,-7.572877924975247],[110.792572822613081,-7.572932424823288],[110.792554983437654,-7.572960229981437],[110.79255266050609,-7.572972478532884],[110.79253983439925,-7.573040100629771],[110.792529704917285,-7.57315569414588],[110.79252091986352,-7.573470174719894],[110.792519543925835,-7.573475511919226],[110.792507223152882,-7.573523300700177],[110.79243483487501,-7.573535628945812],[110.792427346369664,-7.573536904436802],[110.792331606685082,-7.573542136963701],[110.792166860521988,-7.573551140262701],[110.792155977538641,-7.573551458906073],[110.792118649040845,-7.573552553714209],[110.791949562705412,-7.573534522756727],[110.791858385862412,-7.573524006120036],[110.791749537303204,-7.573511451167446],[110.791589811766798,-7.573478346305768],[110.791502798995097,-7.573457606353355],[110.791466062669031,-7.573448849741873],[110.791414661154178,-7.573427608498864],[110.79136997112424,-7.57340914115489],[110.791345475270006,-7.573397312150861],[110.791242329503078,-7.573347504277233],[110.791168883023062,-7.573300171040665],[110.791108533581451,-7.573261279165902],[110.791007828275951,-7.573194457489203],[110.790857477069181,-7.573120430597882],[110.790784097189274,-7.57308930446992],[110.790781219564536,-7.573088084635358],[110.790775257243396,-7.573086441790911],[110.790740910900922,-7.573076981608823],[110.790710712261401,-7.573068664076394],[110.790663128057986,-7.573060870979291],[110.790657949497287,-7.573060022720286],[110.790652796303092,-7.573059207942408],[110.790612381119502,-7.573052820364421],[110.79058349021652,-7.573050926787072],[110.790557217271584,-7.573049204525031],[110.79050600017473,-7.573047992203685],[110.790505649354515,-7.573047982989335],[110.790425296755629,-7.573053927156329],[110.790365328648193,-7.573064668993906],[110.790248108066365,-7.573099905189439],[110.790221175862484,-7.573108000767385],[110.790082075592323,-7.573139088889515],[110.790065661352756,-7.573144320236591],[110.789995708618406,-7.573166613063455],[110.789884993386607,-7.57319771570728],[110.789824388980051,-7.573217581536555],[110.789784761629619,-7.57323725123778],[110.789782948775823,-7.573249945065565],[110.78977619583415,-7.57329721360827],[110.789771437024854,-7.573352417075852],[110.789758111446247,-7.573420945213503],[110.789740661691553,-7.573467837720225],[110.789689559769073,-7.573531881771442],[110.789643131448486,-7.573604279041119],[110.789607159626897,-7.573660372000794],[110.789515718336091,-7.573768979066333],[110.789509072395873,-7.573776872730598],[110.78943131544311,-7.573871611225621],[110.789430998877449,-7.573871999132111],[110.789356436255346,-7.573963479999374],[110.789216307786305,-7.5740763773352],[110.789197480838268,-7.574089888796963],[110.789192313651682,-7.574093597737327],[110.789150080369893,-7.574134743264187],[110.789005100803223,-7.57420698781804],[110.788992699240552,-7.574213167244207],[110.788837233000805,-7.574298295843949],[110.788751804754256,-7.574352142227724],[110.788706713887663,-7.574380563580958],[110.788608525104877,-7.574455357148382],[110.788604978363125,-7.574458058275012],[110.788561594865385,-7.574491238466337],[110.788493645297947,-7.574543207257394],[110.788442768369066,-7.574602537558646],[110.788440150413436,-7.574700843780984],[110.788439999899353,-7.574706481877246],[110.788439836445448,-7.574712629238729],[110.788431889103066,-7.574730843368613],[110.788430231024307,-7.574734643556008],[110.788430042339186,-7.574734904884369],[110.78839854908783,-7.574778665227164],[110.788383863754063,-7.574792695171772],[110.788377455245282,-7.574798817789569],[110.788375512558702,-7.574800673018283],[110.788352354176268,-7.574821594363317],[110.788344797659462,-7.5748284210809],[110.788321940202792,-7.574845706209028],[110.788289131745969,-7.574870517023947],[110.788264251929377,-7.574883869011033],[110.788239228842443,-7.574897297815224],[110.788200842540746,-7.574918340196972],[110.788147101828429,-7.574946077048191],[110.78812023028614,-7.574963295988625],[110.788083970803442,-7.574972968076346],[110.788066496112847,-7.574977629856249],[110.788066309229862,-7.574977912894936],[110.788057200961291,-7.574991687739694],[110.788038652387982,-7.575019739301968],[110.788038096117219,-7.575020904114186],[110.788019445175024,-7.575059937979502],[110.787950846251874,-7.575089919947254],[110.78791004831254,-7.575107751722882],[110.787887577875182,-7.575125111190126],[110.7878719470541,-7.575137186790297],[110.78787165776248,-7.575137410077582],[110.787798731034343,-7.57539531106219],[110.787798711964953,-7.575395377086329],[110.78779795914329,-7.575396200780507],[110.787778587128642,-7.575417412494541],[110.787769490680049,-7.575427372777326],[110.787723694831953,-7.57540667566657],[110.787662003809785,-7.575378795773335],[110.787483003999299,-7.575286991666128],[110.787482639666806,-7.575286804242903],[110.787397280141903,-7.575229322554033],[110.787359873061817,-7.575209200282461],[110.787305039885467,-7.575207383370945],[110.787257697228711,-7.575205815248951],[110.787225559399246,-7.575204996294936],[110.787161277394745,-7.575203359281281],[110.787000809132124,-7.575218359073631],[110.786926364067682,-7.575174231332919],[110.786926324200905,-7.575174189703316],[110.786858392718955,-7.575103903238868],[110.786830109494758,-7.575082715283934],[110.786820030804861,-7.575075164449961],[110.786764639467393,-7.575045205201047],[110.786680916258334,-7.575021126232203],[110.786658400766626,-7.575008359899918],[110.786621954927796,-7.574987694392031],[110.785948994529761,-7.575341579217339],[110.785666517237132,-7.575516599819005],[110.785416357411904,-7.575671597273725],[110.785285948971904,-7.575751607110615],[110.784898759559098,-7.575989158951677],[110.784829738959047,-7.576031505642787],[110.784763840817178,-7.576052990021944],[110.78476376828317,-7.576053013504838],[110.784750996611749,-7.576052157804162],[110.784547908101004,-7.57603854586246],[110.784302037922401,-7.576022776957034],[110.784077810466314,-7.576008396299694],[110.783889725990093,-7.575996573487979],[110.783732433553581,-7.575986685378385],[110.783517745392288,-7.575972624864455],[110.783419435494366,-7.575966186124724],[110.783321911975534,-7.575960731923194],[110.783289917822444,-7.575958942148362],[110.783250176336537,-7.57595560532402],[110.782728768941922,-7.575911824986207],[110.782644740844603,-7.575904769950044],[110.782565571821721,-7.575888526016977],[110.782374818746248,-7.575849386007837],[110.782338519184094,-7.575831972137888],[110.782519358241188,-7.575540725824069],[110.782789583043538,-7.575159726721099],[110.782812049971113,-7.575128050031494],[110.782825833483258,-7.57510861594626],[110.783010479270445,-7.574819273604109],[110.783084718856799,-7.574686023506376],[110.783138018723619,-7.574545160082216],[110.783176454912436,-7.5744265379872],[110.783176966983504,-7.57442495705857],[110.783248425332957,-7.574204421136042],[110.783393096366254,-7.573795153795956],[110.783530153867829,-7.573397308199222],[110.783680536030403,-7.572921415856085],[110.783808074611059,-7.572436005105006],[110.78384804927903,-7.572158084857457],[110.783878506390977,-7.571960113686642],[110.783882313643034,-7.57184209214661],[110.783863278223436,-7.571566074773612],[110.783811881424256,-7.57131099655243],[110.783674825128756,-7.570682818645273],[110.783562513936815,-7.570115554788122],[110.783473046658003,-7.569772912672316],[110.783480661307735,-7.569576845129415],[110.783503504159981,-7.56939600630472],[110.783532057388257,-7.569203745625502],[110.783570128770918,-7.56881922475432],[110.783629138821013,-7.568349043580089],[110.783710157633834,-7.567695723705286],[110.783187672971039,-7.567641455180415],[110.78319645790171,-7.567608935824024],[110.78336111683204,-7.567047382544339],[110.783521016939261,-7.566551502942676],[110.783671398506542,-7.566067996642269],[110.783773239028577,-7.565706318701591],[110.783896019718341,-7.565195210195234],[110.78399024607458,-7.564769762716692],[110.784033076382016,-7.564589875364886],[110.784071148188858,-7.564485179649469],[110.784093990636336,-7.564448059357876],[110.784116221657641,-7.564417290636647],[110.784116437554673,-7.564416991331596],[110.784100326248833,-7.564349493561012],[110.784076637842929,-7.564250252567371],[110.784056641203364,-7.564166477889497],[110.783883615864653,-7.563714393282006],[110.783862524426752,-7.563675762313469],[110.783843358464125,-7.56364065830303],[110.783759167548411,-7.56357569846524],[110.783748262873701,-7.563567285102629],[110.783376886247865,-7.563384247002237],[110.783344121495688,-7.563368098670455],[110.782917082048797,-7.563165666649017],[110.782460224994324,-7.562931527823084],[110.782277482798634,-7.562822072621699],[110.782142329544584,-7.562739267966076],[110.781758760635185,-7.56247752685593],[110.781352348054796,-7.562211026800126],[110.78113438937747,-7.562068259967117],[110.780850758294164,-7.561886468660786],[110.780705134579023,-7.561805566950806],[110.780576644500869,-7.561730376204272],[110.780500662864682,-7.561681447013063],[110.78039000330206,-7.561607042206132],[110.780382934045889,-7.561602404548257],[110.780247421119725,-7.56151350325981],[110.779755837992155,-7.561181871600041],[110.779417362958242,-7.560932589958217],[110.779278021673122,-7.560837792280052],[110.779171802034782,-7.560800102198016],[110.778793182064874,-7.560681699738447],[110.778263038407076,-7.56049800519523],[110.778268173047096,-7.560477988820434],[110.778332149327937,-7.56025709879489],[110.778342509247651,-7.560227722798932],[110.778359863833771,-7.560178514998154],[110.778577878474138,-7.559458739139092],[110.779035607912675,-7.557983320983517],[110.779050349042251,-7.557914233948034],[110.779103890658661,-7.557663300501031],[110.779012715345544,-7.557489448008623],[110.779079000194955,-7.557485000328451],[110.779775000238075,-7.557481000105477],[110.780070000039046,-7.557496000011817],[110.780289000000863,-7.557505000375643],[110.780527999741864,-7.557543000272799],[110.780661000450337,-7.557561999719542],[110.780837000249008,-7.557604999902324],[110.781041999838152,-7.557662000083833],[110.781365000076008,-7.557748000026564],[110.781836999938591,-7.557890999580031],[110.782272000346438,-7.558032999626879],[110.782285000155895,-7.558036999777642],[110.783764999939862,-7.55850099991499],[110.78522600017628,-7.558965000236913],[110.786250000000521,-7.55929000040542],[110.787231999748045,-7.559593000349574],[110.787979999815377,-7.559830999831131],[110.78859899993931,-7.560028000255565],[110.791942999989061,-7.561102000126852],[110.792981000405391,-7.561420999557501],[110.793254000435738,-7.561502000117754],[110.793474999989158,-7.561567999866334],[110.793623999943961,-7.561613000275394],[110.793761999638377,-7.561653999956548],[110.79419100000267,-7.561781999940048],[110.794350999980693,-7.561830000318729],[110.794555000392677,-7.561889999654572],[110.794549000225445,-7.561892000448262],[110.79449399987638,-7.561903999878564],[110.792376999925636,-7.562371000441824],[110.789910000135777,-7.562896999942049],[110.789095000429768,-7.563067999730048],[110.787947999781295,-7.563327999984921],[110.786438000131682,-7.563707999601441],[110.786447000425042,-7.563836000359807],[110.786433000064008,-7.563903000273828],[110.786405000152669,-7.563945000122414],[110.786375999935899,-7.564045000369301],[110.786332999622147,-7.564169000081548],[110.786319000324056,-7.564277999979624],[110.786313999637287,-7.564382000215897],[110.786284999706979,-7.564624999961524],[110.786284999604376,-7.564790999914233],[110.786304000161707,-7.564937999683406],[110.786317999632004,-7.5650240001851],[110.786360999815955,-7.565104999969154],[110.786431999944199,-7.5651810003465],[110.786508999638073,-7.565237999584686],[110.78658000009672,-7.565271000403802],[110.786647000032957,-7.565318999702533],[110.786693999554132,-7.565395000056225],[110.786765999778879,-7.565504000408389],[110.786807999951463,-7.565604000107959],[110.786836999644294,-7.565699000234935],[110.786907999679528,-7.565746000093868],[110.786989000094906,-7.565775000308692]]]]}},
{"type":"Feature","properties":{"OBJECTID_1":416,"PROVINSI":"Provinsi Jawa Tengah","KABUPATEN":"Kota Surakarta","KECAMATAN":"Kecamatan Laweyan","KELURAHAN":"Kelurahan Panularan","SUMBER":"Peraturan Walikota Surakarta Provinsi Jawa Tengah Nomor :146.3/12.2 Tahun 2020 Tanggal 4 Februari 2020 tentang Batas Wilayah Kecamatan dan Kelurahan Kota Surakarta","Shape_Leng":3632.2192892500002,"Shape_Area":561358.41457400005,"luas":56.180153863299999},"geometry":{"type":"MultiPolygon","coordinates":[[[[110.810224000288784,-7.571552999678523],[110.811508999795905,-7.571629000246506],[110.812055999969161,-7.571714000041531],[110.812566000022272,-7.571789999967348],[110.813037999608056,-7.571900000217664],[110.8135910002554,-7.572022000259372],[110.814116000167004,-7.572146999876722],[110.814562999669448,-7.572260999589832],[110.815340999845176,-7.572461000040645],[110.815933999731428,-7.572604000090513],[110.816347999970247,-7.572670999828016],[110.816563999635775,-7.572725999971411],[110.815889999748322,-7.575120000399702],[110.815598000390821,-7.575995999824015],[110.81542299958339,-7.575965000291417],[110.814739000141032,-7.575843999680361],[110.811809999856905,-7.575332999547776],[110.809587999741851,-7.575006999707274],[110.809486000081392,-7.575446000155912],[110.80865399969619,-7.575173000276523],[110.808008999715327,-7.576637000323419],[110.807810999905072,-7.576586999802584],[110.807567999568448,-7.576549999669311],[110.807138999763168,-7.576455999813605],[110.806900999708802,-7.576382999701153],[110.806526000451242,-7.576220000093861],[110.806096000443944,-7.576057000108604],[110.80601500019651,-7.57607300022669],[110.805610999604426,-7.575955000058824],[110.805327000276975,-7.575834999805171],[110.805326958584303,-7.575834982599732],[110.805327140079967,-7.575834560247428],[110.805353583974338,-7.575773068652127],[110.80536486297423,-7.575720662999742],[110.805376339101073,-7.575667337488888],[110.805382899834029,-7.575604326376401],[110.80538774162757,-7.575557825582687],[110.805384265083561,-7.575448748456822],[110.805384010310362,-7.575440753767366],[110.805382575084622,-7.575433095954466],[110.805372683147922,-7.575380325345173],[110.80534655934305,-7.575344746041076],[110.805331077128997,-7.575323659964005],[110.805206222726582,-7.575236745676089],[110.805088944678431,-7.575134728451253],[110.805041602373052,-7.575101891331117],[110.804952740414052,-7.575040255867356],[110.804903559874319,-7.574994916774083],[110.80487104342447,-7.574957028834214],[110.804858168405417,-7.57494202622678],[110.804817238837714,-7.574867071632585],[110.80479010071366,-7.57481737243342],[110.804790013843729,-7.574817024135655],[110.804790007509837,-7.574816997900347],[110.80476000014788,-7.574696999784206],[110.804759877986115,-7.57469651216708],[110.804748551834351,-7.57463608372972],[110.804748234557664,-7.574630024788279],[110.804744799383897,-7.574564328967503],[110.804729696080059,-7.574485016875214],[110.804763839531489,-7.574303762094936],[110.80478660321306,-7.574179148999458],[110.804805968044562,-7.574107506811103],[110.804813139732616,-7.574080972700232],[110.804813175419653,-7.574001667391993],[110.804798084923519,-7.57389591929317],[110.804756497816854,-7.573797712465865],[110.804724554536165,-7.573763530789347],[110.804703538698249,-7.573741041938238],[110.804631647366705,-7.573703245780914],[110.804561537998609,-7.573676128841859],[110.804514344334663,-7.57365787518627],[110.804419735261504,-7.573642727334965],[110.804383872147326,-7.573630779975701],[110.804351622809534,-7.573620037312445],[110.804245656111746,-7.573612437469302],[110.804169970777451,-7.573597297162245],[110.804109895609656,-7.573572582672691],[110.804105643888079,-7.5735708340393],[110.804037635481023,-7.573540636097218],[110.804037533970615,-7.573540590823128],[110.804037191484682,-7.573540190849837],[110.804035053209645,-7.573537700515732],[110.804227999895105,-7.572458999830961],[110.804282000087497,-7.572230999562653],[110.804331999987468,-7.571913999706501],[110.80434999977345,-7.571863999623476],[110.804385000039119,-7.571825000392534],[110.804411000131026,-7.571515000150493],[110.804425000374835,-7.571308000449171],[110.804533999976272,-7.571305000052549],[110.804655999590778,-7.571318999585385],[110.805399000268295,-7.571383999615134],[110.805942000107777,-7.571398000245065],[110.806491999782708,-7.571423000148484],[110.807106000330407,-7.571441000099492],[110.807595000207073,-7.571451999640324],[110.808694999994117,-7.571496000013025],[110.809402000143464,-7.57152799956972],[110.810224000288784,-7.571552999678523]]]]}},
{"type":"Feature","properties":{"OBJECTID_1":417,"PROVINSI":"Provinsi Jawa Tengah","KABUPATEN":"Kota Surakarta","KECAMATAN":"Kecamatan Pasar Kliwon","KELURAHAN":"Kelurahan Pasarkliwon","SUMBER":"Peraturan Walikota Surakarta Provinsi Jawa Tengah Nomor :146.3/12.2 Tahun 2020 Tanggal 4 Februari 2020 tentang Batas Wilayah Kecamatan dan Kelurahan Kota Surakarta","Shape_Leng":3822.5733683600001,"Shape_Area":378196.19035500003,"luas":37.849574687},"geometry":{"type":"MultiPolygon","coordinates":[[[[110.837406999850302,-7.579064000023481],[110.837364000090091,-7.579158000423025],[110.837212000302898,-7.579344999596758],[110.837035000148546,-7.579494999688294],[110.836949999916172,-7.579548999620654],[110.836787999727832,-7.579634999679054],[110.836628999951529,-7.579694999849131],[110.836446000235654,-7.579740999963657],[110.836110999988051,-7.579822999853644],[110.835402999818584,-7.579988999865567],[110.835003000200345,-7.580082999659698],[110.834496999930209,-7.580201999992885],[110.834029000025822,-7.580318000196487],[110.833726000167772,-7.580391999562115],[110.833511000010191,-7.580439999775074],[110.833359999786808,-7.580447999898102],[110.833160999598675,-7.580449999654589],[110.832926000133583,-7.580451000427478],[110.832788999752552,-7.580461000301351],[110.832669000172601,-7.580491000368078],[110.832554000301698,-7.580530000077709],[110.83230900004331,-7.580664000046164],[110.832119999965897,-7.58079199975673],[110.831786999848461,-7.581013999981654],[110.831661999566279,-7.581107000190461],[110.831485000164975,-7.581280999802722],[110.83135100041639,-7.581478999756984],[110.831241999644675,-7.581687999878378],[110.831150000212389,-7.58201999996097],[110.831067000025129,-7.582361000356642],[110.831017000081559,-7.582764000064508],[110.831013000269706,-7.582933999657002],[110.831021000065363,-7.583076999799641],[110.831044999841438,-7.583261000332144],[110.831076999567856,-7.583417999859914],[110.831126999828143,-7.583597999619266],[110.831188999852174,-7.58377400040446],[110.831238999612566,-7.583894999615956],[110.831324000040112,-7.584061000243032],[110.831410000342075,-7.584203999852606],[110.83155599999084,-7.58444199974419],[110.831601000442816,-7.584530000099297],[110.831628999992674,-7.584618999751444],[110.83164300008562,-7.5847209998816],[110.831639000368,-7.584819000276341],[110.831624999975404,-7.584895000388392],[110.831601999862144,-7.584964999721484],[110.831553999897665,-7.585085999844458],[110.83149699990723,-7.585239000135727],[110.831126999578444,-7.585131000339817],[110.83044000024924,-7.584940000155523],[110.829825999684928,-7.58477900036028],[110.829407999710398,-7.584663000229385],[110.829240999929056,-7.584606999770517],[110.828819000196489,-7.584491999772518],[110.82759200000055,-7.58412500011456],[110.826449000152962,-7.583795999838784],[110.825884000007733,-7.583646000074154],[110.82581199965945,-7.583626999727784],[110.825992000193395,-7.583188999793133],[110.825993000011039,-7.583187000190662],[110.826039999950382,-7.583205000008424],[110.82604499965916,-7.583207000200446],[110.826822999632185,-7.583498000164233],[110.826919999813171,-7.583263000037626],[110.826924000374063,-7.583254000261348],[110.82771899997401,-7.581300999830968],[110.828477000327652,-7.581553000149155],[110.829834999632851,-7.582061000255925],[110.829937000034747,-7.581630000171207],[110.830071000239556,-7.581102000192335],[110.830324000009597,-7.580133999764626],[110.83032599973518,-7.580125000078255],[110.830608000054539,-7.579036999675908],[110.830931999719056,-7.577792999682008],[110.830935000235399,-7.577784000379953],[110.831155000397288,-7.576922000174291],[110.831481000320451,-7.577011999966242],[110.831992999639198,-7.577153000397042],[110.833639999761189,-7.577553999792949],[110.835316000031597,-7.577999000449648],[110.835556999595042,-7.578055000278192],[110.835772000350786,-7.578119000134162],[110.835875999868676,-7.578140999588968],[110.836130000376343,-7.578223000434376],[110.836509000146904,-7.578351999783295],[110.836717000133589,-7.578458999796671],[110.836868000154041,-7.578558000053192],[110.837024000260158,-7.578703999958206],[110.837302999578228,-7.578949000299378],[110.837406999850302,-7.579064000023481]]]]}},
{"type":"Feature","properties":{"OBJECTID_1":418,"PROVINSI":"Provinsi Jawa Tengah","KABUPATEN":"Kota Surakarta","KECAMATAN":"Kecamatan Laweyan","KELURAHAN":"Kelurahan Penumping","SUMBER":"Peraturan Walikota Surakarta Provinsi Jawa Tengah Nomor :146.3/12.2 Tahun 2020 Tanggal 4 Februari 2020 tentang Batas Wilayah Kecamatan dan Kelurahan Kota Surakarta","Shape_Leng":3272.5725311299998,"Shape_Area":505426.93368700001,"luas":50.582590125300001},"geometry":{"type":"MultiPolygon","coordinates":[[[[110.810938000101416,-7.563377000154877],[110.81093500044193,-7.563374999756908],[110.810499000382052,-7.563380000088222],[110.81048500035493,-7.563783000374162],[110.809999000384209,-7.563712000090028],[110.8098750004431,-7.565557000157345],[110.809839000263111,-7.566504999942149],[110.811059999583151,-7.566883000135594],[110.810763999959036,-7.568455000049106],[110.810574999594635,-7.569578999561268],[110.810415000307174,-7.570526999611222],[110.810279000337204,-7.571328000371602],[110.810224000288784,-7.571552999678523],[110.809402000143464,-7.57152799956972],[110.808694999994117,-7.571496000013025],[110.807595000207073,-7.571451999640324],[110.807106000330407,-7.571441000099492],[110.806491999782708,-7.571423000148484],[110.805942000107777,-7.571398000245065],[110.805399000268295,-7.571383999615134],[110.804655999590778,-7.571318999585385],[110.804533999976272,-7.571305000052549],[110.804577000253317,-7.571119000243861],[110.804600999961977,-7.570977000074576],[110.804676999614117,-7.570600999562648],[110.804777000227006,-7.57012600022292],[110.80481500007231,-7.569983999970863],[110.804834999888541,-7.569917000293128],[110.804862999790842,-7.569869999685042],[110.804915999849428,-7.569759999824047],[110.805092000255144,-7.569437000112621],[110.80516200008276,-7.569320999672749],[110.805378000443923,-7.568967000046952],[110.805449000230169,-7.56880600042258],[110.80556900028806,-7.568136000117033],[110.805572999678645,-7.56810800007124],[110.805609999623258,-7.567880000121201],[110.805620999771406,-7.567808000449565],[110.805744999969605,-7.566953000332912],[110.805811999890366,-7.566438999912942],[110.805834000201287,-7.566322999664376],[110.805940999617349,-7.565736000215354],[110.80603199993962,-7.565313000078688],[110.806169999928272,-7.564717000289955],[110.806294000308569,-7.564178000148809],[110.806749000342194,-7.562572000441781],[110.806751999875743,-7.562561999950831],[110.806811999696706,-7.562322999586439],[110.807550000247261,-7.562489000282968],[110.808557000386472,-7.56273799991624],[110.809049999618651,-7.562819999878862],[110.809473999978479,-7.562895000359782],[110.810047000202019,-7.562996000237],[110.81015299979039,-7.563014000267208],[110.810958999841148,-7.563156999934442],[110.810938000101416,-7.563377000154877]]]]}},
{"type":"Feature","properties":{"OBJECTID_1":419,"PROVINSI":"Provinsi Jawa Tengah","KABUPATEN":"Kota Surakarta","KECAMATAN":"Kecamatan Jebres","KELURAHAN":"Kelurahan Pucangsawit","SUMBER":"Peraturan Walikota Surakarta Provinsi Jawa Tengah Nomor :146.3/12.2 Tahun 2020 Tanggal 4 Februari 2020 tentang Batas Wilayah Kecamatan dan Kelurahan Kota Surakarta","Shape_Leng":5234.2541601000003,"Shape_Area":1272140.81217,"luas":127.31508421700001},"geometry":{"type":"MultiPolygon","coordinates":[[[[110.852314000318231,-7.563814999610239],[110.852481999594033,-7.563825999957516],[110.852706999929765,-7.563807999947251],[110.853059999845144,-7.56376899991987],[110.853284999795179,-7.563752000065884],[110.853441999604257,-7.563752000377612],[110.853578000345934,-7.56377300043919],[110.85391399997954,-7.563827000204038],[110.854220999720653,-7.563905000051846],[110.854366999580037,-7.563955000142257],[110.854653000301923,-7.56408700009636],[110.855028000002051,-7.56426899977289],[110.855345999728144,-7.564429000057368],[110.855749000249929,-7.564621999851643],[110.855920999992151,-7.564697000422432],[110.85603099973379,-7.564728999767054],[110.856252999947984,-7.564782000352554],[110.85654900009277,-7.564824999808704],[110.857028000080064,-7.564915000003992],[110.8573949999588,-7.564997000130054],[110.857460000213848,-7.565014000179601],[110.857634999675909,-7.565103999756792],[110.857987999995572,-7.565271000087969],[110.858312999953199,-7.565438999638061],[110.858794999723884,-7.565687999889955],[110.859137999565178,-7.565848999661732],[110.85949899962543,-7.565984000353225],[110.859823999608196,-7.566074000327944],[110.860180999812854,-7.566124000232954],[110.860448999858519,-7.566144999766415],[110.860824000203181,-7.566163000270975],[110.861194999553092,-7.56616300002061],[110.861601724717886,-7.566190981043639],[110.861571805311868,-7.566273299294566],[110.861521294512102,-7.566412272445347],[110.86145120483657,-7.566605113824646],[110.861320083876421,-7.566838219055688],[110.861116751367774,-7.567199699707993],[110.860827579409843,-7.567949338740363],[110.86062216108121,-7.568431869984817],[110.860523870272743,-7.568662756571014],[110.860458934504408,-7.568815291715146],[110.860413465420592,-7.568981442354446],[110.860398280504654,-7.569127460601368],[110.860373908768068,-7.569285201859552],[110.860367940511125,-7.569323827848569],[110.860347723553801,-7.569424527275046],[110.860332560376264,-7.569500051391434],[110.860288729968687,-7.569602013264932],[110.860287111525381,-7.56960577847572],[110.860286994514453,-7.569605995535283],[110.860231571081172,-7.569706466571156],[110.860155848563664,-7.569802112436596],[110.860153686724914,-7.569804268240482],[110.860105370892654,-7.569852449188501],[110.860061851825051,-7.569899463869664],[110.860044796048044,-7.569917889029378],[110.860010407489042,-7.569947895272878],[110.859964034976144,-7.569988357218882],[110.859912328639453,-7.57002273058663],[110.859903468218675,-7.570028620114758],[110.859903003956347,-7.570029003503675],[110.85978232816278,-7.570129287057802],[110.859701793347298,-7.570161401456192],[110.85963092418676,-7.570189661861459],[110.859499706396178,-7.570245007372251],[110.859116153301883,-7.570385871811723],[110.859071341390063,-7.570399341764455],[110.858798214234099,-7.570481439972148],[110.858414539076435,-7.570556119903439],[110.858359171560053,-7.570566897063293],[110.858169244257681,-7.570586703294313],[110.857733427194276,-7.570632152530699],[110.857491205229721,-7.570652214571824],[110.857360005243351,-7.570652171651385],[110.85722880691452,-7.5706470929455],[110.857122837243935,-7.570647058218128],[110.857022000143857,-7.570641995734387],[110.857021915838828,-7.570641991183883],[110.856910902131361,-7.570636918099214],[110.856855353409472,-7.570622528034969],[110.85663843315794,-7.570566334440382],[110.856562218512167,-7.570538139215744],[110.856502204153955,-7.570515936667179],[110.856411388421094,-7.570470589562296],[110.856276203753609,-7.570412081680434],[110.856260025573903,-7.5704050803936],[110.856181806221485,-7.57035086536403],[110.855831201051231,-7.570107856862299],[110.855614257405591,-7.569986937993371],[110.855551246353699,-7.569950708950852],[110.855447766027609,-7.569891211770758],[110.855311797024058,-7.569855988798248],[110.855311532343137,-7.569855919962995],[110.855129874536146,-7.569845789035198],[110.855028948303726,-7.569855826066429],[110.854968389534179,-7.569870909540498],[110.854857359216723,-7.569916192488127],[110.854787575585277,-7.569955952272291],[110.854751369513068,-7.569976580706792],[110.854660510238844,-7.570062149961212],[110.854583370916714,-7.570156440218301],[110.854504016022346,-7.57025343891083],[110.854453990866702,-7.570322839880699],[110.854387900099908,-7.570414529530367],[110.854307102534392,-7.570590738257202],[110.854307000009698,-7.570590999643896],[110.854226294753502,-7.570797157819578],[110.854197190888598,-7.570886118052035],[110.85415052504176,-7.571028755969269],[110.854141394903166,-7.571143662353285],[110.854135321797628,-7.57122009203121],[110.854161176161398,-7.571372847415139],[110.854190720018863,-7.571547405092111],[110.854319254825924,-7.571828995741095],[110.854347035678515,-7.571889857313991],[110.854614324379895,-7.572363264144817],[110.854862285949949,-7.572778752849276],[110.854911881400426,-7.572861856906388],[110.855022838430713,-7.573038129555238],[110.855040874664169,-7.573087029415611],[110.855058130182996,-7.57313381141531],[110.855083337088772,-7.573204313904582],[110.855083318585471,-7.573259702575332],[110.855088336626963,-7.573345303775401],[110.855068119926301,-7.573440968071848],[110.855002428176604,-7.573712852038194],[110.854881183203034,-7.574120669943851],[110.854854458259027,-7.574184379906035],[110.854765028483556,-7.574397572792968],[110.854680252640534,-7.574556960632023],[110.854588299742844,-7.574729843155589],[110.854528002057094,-7.574805000082481],[110.854527720008136,-7.574805351866273],[110.854502898713875,-7.574823030646511],[110.854457056297136,-7.574855681187736],[110.854290532099739,-7.574855625515186],[110.854174472397972,-7.574845516091181],[110.854087712856455,-7.574832167234408],[110.854043277940846,-7.574825330980156],[110.853974782671756,-7.574797344126294],[110.853932276778991,-7.57477997659136],[110.853791003533289,-7.574719505684884],[110.853700199112538,-7.574638910516397],[110.853125079089097,-7.574205681827517],[110.853025594526073,-7.574152901855244],[110.852963629909411,-7.574120026939157],[110.852691171418797,-7.574014194203161],[110.852607136253141,-7.573995391415296],[110.852353102762947,-7.57393854991698],[110.852119015882181,-7.573926336607099],[110.851964552525729,-7.573918276887008],[110.851757659186632,-7.573918206533231],[110.850874663780729,-7.573661105722739],[110.850550915286107,-7.573543269446237],[110.849628413213111,-7.57320750107567],[110.849027995207052,-7.572985740591341],[110.848896704381545,-7.572919282414319],[110.848659688716353,-7.572799306564548],[110.848483115206264,-7.572678398193172],[110.848392059423389,-7.572641526980276],[110.848296432695278,-7.572602804310415],[110.848236413320677,-7.572585036640247],[110.848160200551391,-7.57256247452276],[110.847988635948582,-7.572547308374152],[110.847917991288696,-7.572542248882757],[110.847796872534659,-7.572572418341014],[110.847742029345156,-7.572591101174906],[110.847742000371895,-7.57259099985289],[110.847691999843491,-7.572416000451316],[110.847649000325305,-7.572373000228467],[110.847396999938212,-7.572221000284518],[110.847140000437548,-7.572017000113218],[110.846931000398584,-7.571854999582412],[110.846820999744338,-7.571689000284625],[110.846668999627269,-7.571369999793221],[110.846601999720917,-7.571222999789515],[110.846555000042656,-7.571089999619159],[110.846496000249473,-7.57083799987011],[110.846494000284352,-7.570777000357267],[110.846455999898595,-7.570663999780765],[110.846598000080036,-7.57061799990886],[110.846777000412857,-7.5705500002755],[110.8467520000831,-7.570442999786277],[110.846705000451038,-7.570001999686148],[110.84665899961972,-7.56964900016922],[110.846652000275995,-7.569402999737896],[110.846648999676617,-7.569303000213141],[110.846652000448714,-7.569245999753129],[110.846780999754358,-7.568897000265787],[110.846974000008331,-7.568490999972982],[110.847223999770137,-7.568013000355601],[110.84741699972254,-7.567620999874845],[110.847631000336264,-7.567165000114883],[110.847902999653996,-7.566523999564667],[110.848135000273373,-7.565893000290726],[110.848217999977592,-7.565661000445074],[110.848353999643265,-7.565294000057293],[110.848485999970976,-7.564931000048547],[110.848585999755713,-7.564631999934244],[110.848624999634183,-7.564468000300328],[110.848635999763829,-7.564442999969845],[110.848629999932299,-7.564442000146023],[110.848677000249722,-7.564200999876422],[110.848766000066973,-7.563693999760267],[110.848846000117433,-7.563340000141453],[110.848899999694382,-7.563136999662823],[110.848974999807041,-7.56293000010045],[110.849168000221951,-7.562527999551437],[110.8492459995567,-7.562391999840792],[110.849407000216246,-7.56221399968919],[110.849547000274683,-7.562099999677342],[110.849671999984096,-7.562324999622065],[110.849763999672575,-7.562489000183014],[110.849889000308067,-7.562649000308347],[110.850011000198052,-7.562759999660647],[110.85015699992681,-7.562883999576563],[110.850295999942503,-7.562981000121189],[110.850518000343143,-7.563084000143623],[110.850895999989504,-7.563223000149012],[110.851332000020861,-7.563391000247349],[110.851517999939745,-7.563462000056461],[110.851834999997479,-7.563637000318394],[110.852020999985598,-7.563719000404197],[110.852214000209386,-7.563797999607573],[110.852314000318231,-7.563814999610239]]]]}},
{"type":"Feature","properties":{"OBJECTID_1":420,"PROVINSI":"Provinsi Jawa Tengah","KABUPATEN":"Kota Surakarta","KECAMATAN":"Kecamatan Banjarsari","KELURAHAN":"Kelurahan Punggawan","SUMBER":"Peraturan Walikota Surakarta Provinsi Jawa Tengah Nomor :146.3/12.2 Tahun 2020 Tanggal 4 Februari 2020 tentang Batas Wilayah Kecamatan dan Kelurahan Kota Surakarta","Shape_Leng":2460.8659464000002,"Shape_Area":336353.66876099998,"luas":33.661955881200001},"geometry":{"type":"MultiPolygon","coordinates":[[[[110.820791000296438,-7.558317999826476],[110.820237000239146,-7.558625999690702],[110.820198999621624,-7.558835000279772],[110.819862000025466,-7.560007000164513],[110.819295999813022,-7.56194500035412],[110.819199999669308,-7.562269000049585],[110.818742999816962,-7.563903000432878],[110.818455999733246,-7.564847000196838],[110.817599000402296,-7.564485000282866],[110.815633999951501,-7.563690999724762],[110.814829000348908,-7.563367999754554],[110.814737999853037,-7.563347000435587],[110.81549500009406,-7.559570999583246],[110.815592000043068,-7.559375999997274],[110.815437999628685,-7.559239999803806],[110.815440999673342,-7.559224000140865],[110.815822999556019,-7.558490999677958],[110.815949999723586,-7.558119999676789],[110.816020000390253,-7.558114999777615],[110.816022999785957,-7.557882000176463],[110.816183999718561,-7.55787899969843],[110.816317999860303,-7.557864999993178],[110.816497999936814,-7.557848999680994],[110.816771000204994,-7.557815000313993],[110.817039000185588,-7.557794000060301],[110.817276999579164,-7.557754000166439],[110.818284000267653,-7.557524000337041],[110.818296999877504,-7.557564000397066],[110.818304000325,-7.557617000246175],[110.818321999884191,-7.557674999707077],[110.818351000301917,-7.557735999679965],[110.818384000381158,-7.557789999944715],[110.818429000344153,-7.55783599975558],[110.818491000420835,-7.557886999855981],[110.818587000036501,-7.557953999635839],[110.8186559997893,-7.557984000320555],[110.81870200039225,-7.557999999557626],[110.818750000433411,-7.558007999604746],[110.818794999836243,-7.558012000202514],[110.818828000253006,-7.558010999876932],[110.818858000226655,-7.557998999639493],[110.818904999799187,-7.557977999650843],[110.8189559996257,-7.557941999930176],[110.819060000005237,-7.557860999925141],[110.819185000138958,-7.557766999973775],[110.819247000437741,-7.557737000262704],[110.819326999716324,-7.557710000309111],[110.819395000038142,-7.557690999915331],[110.819468999904842,-7.557682000202445],[110.819541000426455,-7.557682999670258],[110.819629999890992,-7.557693999837764],[110.819695000368185,-7.557703999571832],[110.819756000310804,-7.55772099991987],[110.819832999760379,-7.557747000096509],[110.819894999888575,-7.55777199994951],[110.820023000422054,-7.557830999939852],[110.820124000053752,-7.557863999571359],[110.820310999852325,-7.55793599983995],[110.820420999775251,-7.557971999948325],[110.82049000015806,-7.558002999896107],[110.820563999775729,-7.558042999644837],[110.820605000069193,-7.558065999807812],[110.820742000427913,-7.558224000323018],[110.820790000350868,-7.558316000316488],[110.820791000296438,-7.558317999826476]]]]}},
{"type":"Feature","properties":{"OBJECTID_1":421,"PROVINSI":"Provinsi Jawa Tengah","KABUPATEN":"Kota Surakarta","KECAMATAN":"Kecamatan Jebres","KELURAHAN":"Kelurahan Purwodiningratan","SUMBER":"Peraturan Walikota Surakarta Provinsi Jawa Tengah Nomor :146.3/12.2 Tahun 2020 Tanggal 4 Februari 2020 tentang Batas Wilayah Kecamatan dan Kelurahan Kota Surakarta","Shape_Leng":2608.9377596099998,"Shape_Area":385622.17311899998,"luas":38.592787429600001},"geometry":{"type":"MultiPolygon","coordinates":[[[[110.841430000321949,-7.562683000189215],[110.841236999980609,-7.563090000348317],[110.841272000218055,-7.56313199963432],[110.841294000089661,-7.563171999610015],[110.841315000103052,-7.563206999659111],[110.841312000339968,-7.563256999613298],[110.841307999562943,-7.56332500015838],[110.841275999919375,-7.563448999719473],[110.840879000437951,-7.564611000312518],[110.840656999583786,-7.565324000345029],[110.840414000282806,-7.565294999612528],[110.840017999713496,-7.565237999560862],[110.839454000346109,-7.565180999756668],[110.839210999584395,-7.565673000172224],[110.838098999919168,-7.568056000418062],[110.838095999725624,-7.568054999753742],[110.8370140000997,-7.567701999637845],[110.836026999594495,-7.567355999604975],[110.834816999712075,-7.566927999589807],[110.834083999839166,-7.566708999845543],[110.83328900000302,-7.566414000338085],[110.833608999713931,-7.565864999625594],[110.835092000104964,-7.563520000430427],[110.835279000292275,-7.563217000214754],[110.83584599979811,-7.562294999894975],[110.836397000338735,-7.561415000098847],[110.836585999935608,-7.561107999994358],[110.839132000231842,-7.561964000424306],[110.841430000321949,-7.562683000189215]]]]}},
{"type":"Feature","properties":{"OBJECTID_1":422,"PROVINSI":"Provinsi Jawa Tengah","KABUPATEN":"Kota Surakarta","KECAMATAN":"Kecamatan Laweyan","KELURAHAN":"Kelurahan Purwosari","SUMBER":"Peraturan Walikota Surakarta Provinsi Jawa Tengah Nomor :146.3/12.2 Tahun 2020 Tanggal 4 Februari 2020 tentang Batas Wilayah Kecamatan dan Kelurahan Kota Surakarta","Shape_Leng":4429.8923041099997,"Shape_Area":811693.87686099997,"luas":81.233397150599998},"geometry":{"type":"MultiPolygon","coordinates":[[[[110.806811999696706,-7.562322999586439],[110.806751999875743,-7.562561999950831],[110.806749000342194,-7.562572000441781],[110.806294000308569,-7.564178000148809],[110.806169999928272,-7.564717000289955],[110.80603199993962,-7.565313000078688],[110.805940999617349,-7.565736000215354],[110.805834000201287,-7.566322999664376],[110.805811999890366,-7.566438999912942],[110.805744999969605,-7.566953000332912],[110.805620999771406,-7.567808000449565],[110.805609999623258,-7.567880000121201],[110.805572999678645,-7.56810800007124],[110.80556900028806,-7.568136000117033],[110.805449000230169,-7.56880600042258],[110.805378000443923,-7.568967000046952],[110.80516200008276,-7.569320999672749],[110.805064000332337,-7.569245999681146],[110.804540000092715,-7.569040999641516],[110.803411000392614,-7.568661000098135],[110.802715999979995,-7.568398999870968],[110.802306999973013,-7.56823299994016],[110.801968999825363,-7.567909000146285],[110.801851999839215,-7.567879000340477],[110.800549999750928,-7.567538000346268],[110.799671000151548,-7.567317000250912],[110.799430999752644,-7.567257000247663],[110.799265000232708,-7.567200000268752],[110.798248999908651,-7.566951999816953],[110.798403000300084,-7.566422000293167],[110.798928000346493,-7.564750000417253],[110.799161000109052,-7.563975000174976],[110.799352000317668,-7.563348000430511],[110.799133999884958,-7.563281000022479],[110.795605999593491,-7.562200999951718],[110.794555000392677,-7.561889999654572],[110.795001000313576,-7.561778999980836],[110.795227999832477,-7.561676999793414],[110.795336999650658,-7.561627999805732],[110.795397000446258,-7.561601999892694],[110.795537999884203,-7.5615410003792],[110.795653999900125,-7.561475999964999],[110.79574700033838,-7.561428000068099],[110.795951000019699,-7.561367999601122],[110.796076999755925,-7.561345000148831],[110.79632700036025,-7.561299000200973],[110.797207000115847,-7.561101000189161],[110.797217000245524,-7.561061000291443],[110.79768599998016,-7.560968000385892],[110.797829000024493,-7.560943000161041],[110.79806599986307,-7.560921000432971],[110.798372000218848,-7.560888000343901],[110.798661999763823,-7.560870999903658],[110.798861999670279,-7.560870999869592],[110.79904000029758,-7.560862000009712],[110.799134999694672,-7.560846000318539],[110.799330000084623,-7.560813000006914],[110.799606000308714,-7.560763000164489],[110.799723000016584,-7.560736000036057],[110.800031999567139,-7.560663999671307],[110.80023300041475,-7.560626000340963],[110.800480999678669,-7.560563999774719],[110.800621000297355,-7.560540000422309],[110.800766000123829,-7.560537999706087],[110.801041000371967,-7.560540999889851],[110.801198999875183,-7.560529999973839],[110.80306400022458,-7.560150000376521],[110.805184999952473,-7.559690000241176],[110.805993999844745,-7.559514000388001],[110.807686000155897,-7.559177000266375],[110.807347000328164,-7.560554000321242],[110.807291000015951,-7.56073899978182],[110.807200999746954,-7.561035999717633],[110.806819000441308,-7.562302999951337],[110.806811999696706,-7.562322999586439]]]]}},
{"type":"Feature","properties":{"OBJECTID_1":423,"PROVINSI":"Provinsi Jawa Tengah","KABUPATEN":"Kota Surakarta","KECAMATAN":"Kecamatan Pasar Kliwon","KELURAHAN":"Kelurahan Sangkrah","SUMBER":"Peraturan Walikota Surakarta Provinsi Jawa Tengah Nomor :146.3/12.2 Tahun 2020 Tanggal 4 Februari 2020 tentang Batas Wilayah Kecamatan dan Kelurahan Kota Surakarta","Shape_Leng":3333.1130873400002,"Shape_Area":460477.99893,"luas":46.084302374700002},"geometry":{"type":"MultiPolygon","coordinates":[[[[110.844092999768449,-7.577216000120631],[110.844092999649718,-7.57721633028869],[110.844092874539115,-7.577216354667302],[110.844050180932626,-7.577224858621205],[110.844005519095617,-7.577233755353808],[110.843896458519922,-7.577291318393189],[110.843833914739619,-7.577324329059923],[110.843780382377247,-7.577351013673215],[110.84370268921937,-7.577389741196089],[110.843665588697817,-7.577439064941719],[110.84364210542229,-7.57747028407992],[110.84362358264292,-7.577501678675654],[110.843591612246939,-7.577555865416506],[110.843531015684661,-7.577671655757804],[110.843505748627507,-7.577772352467761],[110.843429976485098,-7.577988842222551],[110.843423837628819,-7.578053521299545],[110.84337932129813,-7.578522564676584],[110.84330846459973,-7.579101597893375],[110.843202184175439,-7.579957558761948],[110.843141481461487,-7.580365394838018],[110.843100045734857,-7.580489281567989],[110.843088808769537,-7.580522878673661],[110.843060653728855,-7.58060705956414],[110.842949566539843,-7.580798360466712],[110.84292996068551,-7.580821037292808],[110.842823356424134,-7.580944338731147],[110.842821410529837,-7.580945589048689],[110.842819851819144,-7.580946591653866],[110.842819438339234,-7.580946857448095],[110.84219199997537,-7.580787999599574],[110.841059999915004,-7.580398999858719],[110.840530999604582,-7.580220999596667],[110.840159999746689,-7.58008499984102],[110.839488999775824,-7.579875000372508],[110.838748999795925,-7.579638999604859],[110.838102999592834,-7.579447000081457],[110.837932000247505,-7.579422000178402],[110.837588999989961,-7.579228999978279],[110.837406999850302,-7.579064000023481],[110.837670999685486,-7.578435999633277],[110.837581999564676,-7.577947000311709],[110.837548000045018,-7.577786999977031],[110.837493999888537,-7.577681999972619],[110.837396000337208,-7.577562000238052],[110.837209999570973,-7.577321999919259],[110.837018999603927,-7.577112999974378],[110.836907000259131,-7.576999000331455],[110.836789999725525,-7.576904000180428],[110.83662899979791,-7.576816000242646],[110.83647800028686,-7.576726999929075],[110.836379999965985,-7.576655999614859],[110.836305999857416,-7.576641000269927],[110.836146000024897,-7.576612999745513],[110.83599700024611,-7.5765749996676],[110.835899000171864,-7.576530000202389],[110.835821999798952,-7.576494999606432],[110.835759000097113,-7.576449999735127],[110.835676000277303,-7.576383999956859],[110.835552999814581,-7.576258000321767],[110.835487000219828,-7.576129999569973],[110.835436000312299,-7.575991999933843],[110.835424000295134,-7.575963999867639],[110.835412999741777,-7.575930000167099],[110.835374999639924,-7.575860999691191],[110.835267999882788,-7.57568200004186],[110.835195999624091,-7.575509999604065],[110.835080999918659,-7.575350000085587],[110.83497399982403,-7.57524400005609],[110.834841000257214,-7.575140999647132],[110.834672999599448,-7.574980999824032],[110.834574000207084,-7.574893000056675],[110.834454999758918,-7.574832000408136],[110.834313999687311,-7.574770999596741],[110.834225999875159,-7.574747999991958],[110.834130999937088,-7.574611000195702],[110.833989999862695,-7.574439000421833],[110.833882999930125,-7.574367000196729],[110.833803000423302,-7.574287000282014],[110.833741999558043,-7.574252999552804],[110.833718999730451,-7.573768999776809],[110.834303000298007,-7.573364999859846],[110.834418000158706,-7.573323000077765],[110.834521000262882,-7.573293000254401],[110.834658000222021,-7.573220999656603],[110.834929999638078,-7.573037999751305],[110.835189000088803,-7.572817000101129],[110.83524299960574,-7.572786999656195],[110.835460000029144,-7.572787000247381],[110.835608999666931,-7.572828999590937],[110.835845999604018,-7.572904000005462],[110.835849999723351,-7.572905000157797],[110.836138000209772,-7.572989000197609],[110.836101999713279,-7.573132000075594],[110.836078999602151,-7.573340000002432],[110.836120000110483,-7.573713999929025],[110.836259999743262,-7.57404999990238],[110.836381000025412,-7.57422399959482],[110.836501999862861,-7.574283999921718],[110.836698999588563,-7.57437500028329],[110.837108000317514,-7.57455999957512],[110.838140999651088,-7.574896999557202],[110.838315000191912,-7.574923000010423],[110.838552999705669,-7.574956999714022],[110.838939000212733,-7.575040000322768],[110.839795000376895,-7.575297999967795],[110.840255000237775,-7.575456000112824],[110.840289999707252,-7.575468000310432],[110.840971999680534,-7.575637999668621],[110.84151700032055,-7.575702000364684],[110.842213000437013,-7.575691000214425],[110.84246699997631,-7.575638000223046],[110.842985000149369,-7.575630999557291],[110.84310199984661,-7.575631000110101],[110.843292000226739,-7.575664999845583],[110.843466000425593,-7.575743999733776],[110.843571999708487,-7.575815999994505],[110.843685000075581,-7.575926000118174],[110.843799000015338,-7.576099999817135],[110.843897000132827,-7.576356000275753],[110.8439569995478,-7.57660900020628],[110.844056000297826,-7.576919000206545],[110.844092999581079,-7.577214000115945],[110.844092999888801,-7.577215665429711],[110.844092999768449,-7.577216000120631]]]]}},
{"type":"Feature","properties":{"OBJECTID_1":424,"PROVINSI":"Provinsi Jawa Tengah","KABUPATEN":"Kota Surakarta","KECAMATAN":"Kecamatan Pasar Kliwon","KELURAHAN":"Kelurahan Semanggi","SUMBER":"Peraturan Walikota Surakarta Provinsi Jawa Tengah Nomor :146.3/12.2 Tahun 2020 Tanggal 4 Februari 2020 tentang Batas Wilayah Kecamatan dan Kelurahan Kota Surakarta","Shape_Leng":4005.66336409,"Shape_Area":896387.56124700001,"luas":89.709788655400004},"geometry":{"type":"MultiPolygon","coordinates":[[[[110.842819438339234,-7.580946857448095],[110.842439750222596,-7.581190928717509],[110.842253107471578,-7.581268117712561],[110.84196532899756,-7.581387133408831],[110.841753195695091,-7.581497104491279],[110.841712967444536,-7.581517959193814],[110.841495919086285,-7.581679009420016],[110.841369711914083,-7.58181491576229],[110.841309110457686,-7.581940775417379],[110.841297532282454,-7.581977314912247],[110.841278797726559,-7.582036435287256],[110.841273705783138,-7.58216231608181],[110.841278670452525,-7.58238387056193],[110.841268245825958,-7.582577580385948],[110.84125834694278,-7.582761509286298],[110.841268363885547,-7.582967960192495],[110.841318679940713,-7.583349167872749],[110.841338816511339,-7.583501726386675],[110.841454669912395,-7.584080826242685],[110.841510005570456,-7.584427998566187],[110.841510051700894,-7.584428281713313],[110.841535202649823,-7.58464984352413],[110.841520008894562,-7.584800896612385],[110.841519994352709,-7.584800997918894],[110.841454255213421,-7.585213766216248],[110.840962953978504,-7.587845361676941],[110.840828027644235,-7.588818801925868],[110.8408279967487,-7.588818999110717],[110.840701397508951,-7.589587779846774],[110.840701339359256,-7.58958813260758],[110.840701000354173,-7.589588000416208],[110.84031099961274,-7.589403999976832],[110.83951999985031,-7.589014000302841],[110.839039999595769,-7.588739999747725],[110.838683000406931,-7.588550000126762],[110.838056000307844,-7.588243999976491],[110.837609000230458,-7.588024000288316],[110.837582999602731,-7.588011000056237],[110.836464999641592,-7.587454000402364],[110.835766000099952,-7.587105999710316],[110.835469000048818,-7.586960000311041],[110.835216999552259,-7.586835999704509],[110.83469200014946,-7.586576999562105],[110.834351000209367,-7.586410000295068],[110.834047000207264,-7.586288999571027],[110.833812000209008,-7.586165000126747],[110.83316499990768,-7.585824999820447],[110.83275799958561,-7.585636999756103],[110.832533999953668,-7.585539999828765],[110.832355999551027,-7.585473999921308],[110.83202500019226,-7.585361999622628],[110.831849999988563,-7.585321000250733],[110.831789999878893,-7.5853069996489],[110.83149699990723,-7.585239000135727],[110.831553999897665,-7.585085999844458],[110.831601999862144,-7.584964999721484],[110.831624999975404,-7.584895000388392],[110.831639000368,-7.584819000276341],[110.83164300008562,-7.5847209998816],[110.831628999992674,-7.584618999751444],[110.831601000442816,-7.584530000099297],[110.83155599999084,-7.58444199974419],[110.831410000342075,-7.584203999852606],[110.831324000040112,-7.584061000243032],[110.831238999612566,-7.583894999615956],[110.831188999852174,-7.58377400040446],[110.831126999828143,-7.583597999619266],[110.831076999567856,-7.583417999859914],[110.831044999841438,-7.583261000332144],[110.831021000065363,-7.583076999799641],[110.831013000269706,-7.582933999657002],[110.831017000081559,-7.582764000064508],[110.831067000025129,-7.582361000356642],[110.831150000212389,-7.58201999996097],[110.831241999644675,-7.581687999878378],[110.83135100041639,-7.581478999756984],[110.831485000164975,-7.581280999802722],[110.831661999566279,-7.581107000190461],[110.831786999848461,-7.581013999981654],[110.832119999965897,-7.58079199975673],[110.83230900004331,-7.580664000046164],[110.832554000301698,-7.580530000077709],[110.832669000172601,-7.580491000368078],[110.832788999752552,-7.580461000301351],[110.832926000133583,-7.580451000427478],[110.833160999598675,-7.580449999654589],[110.833359999786808,-7.580447999898102],[110.833511000010191,-7.580439999775074],[110.833726000167772,-7.580391999562115],[110.834029000025822,-7.580318000196487],[110.834496999930209,-7.580201999992885],[110.835003000200345,-7.580082999659698],[110.835402999818584,-7.579988999865567],[110.836110999988051,-7.579822999853644],[110.836446000235654,-7.579740999963657],[110.836628999951529,-7.579694999849131],[110.836787999727832,-7.579634999679054],[110.836949999916172,-7.579548999620654],[110.837035000148546,-7.579494999688294],[110.837212000302898,-7.579344999596758],[110.837364000090091,-7.579158000423025],[110.837406999850302,-7.579064000023481],[110.837588999989961,-7.579228999978279],[110.837932000247505,-7.579422000178402],[110.838102999592834,-7.579447000081457],[110.838748999795925,-7.579638999604859],[110.839488999775824,-7.579875000372508],[110.840159999746689,-7.58008499984102],[110.840530999604582,-7.580220999596667],[110.841059999915004,-7.580398999858719],[110.84219199997537,-7.580787999599574],[110.842819438339234,-7.580946857448095]]]]}},
{"type":"Feature","properties":{"OBJECTID_1":425,"PROVINSI":"Provinsi Jawa Tengah","KABUPATEN":"Kota Surakarta","KECAMATAN":"Kecamatan Serengan","KELURAHAN":"Kelurahan Serengan","SUMBER":"Peraturan Walikota Surakarta Provinsi Jawa Tengah Nomor :146.3/12.2 Tahun 2020 Tanggal 4 Februari 2020 tentang Batas Wilayah Kecamatan dan Kelurahan Kota Surakarta","Shape_Leng":3005.4955167399999,"Shape_Area":518753.41832300002,"luas":51.916387173399997},"geometry":{"type":"MultiPolygon","coordinates":[[[[110.8146950001276,-7.580401000345261],[110.820471999776913,-7.582136999688151],[110.819910000004398,-7.583852000034446],[110.81941400045261,-7.585271999930889],[110.818852000296971,-7.586635999616737],[110.81833199998843,-7.587771000005911],[110.818059999804959,-7.588378999669549],[110.817908000404984,-7.588735999986024],[110.817788116353583,-7.588931809645282],[110.817674082890193,-7.588856968502358],[110.817258478552063,-7.588584206845301],[110.815745071254838,-7.587412864869934],[110.815356180918897,-7.587087539237653],[110.815162426971767,-7.586925454155173],[110.814311187081771,-7.586158470724465],[110.814056640634618,-7.585924437874295],[110.8138344981204,-7.585720197141163],[110.813446011800579,-7.585330907986415],[110.812066785678667,-7.583891535891221],[110.81197324429364,-7.583789625696281],[110.811814339192111,-7.583668710275197],[110.811722068854408,-7.583591919537439],[110.811910999866583,-7.583372000263516],[110.81183899960422,-7.58329599985952],[110.811671000068259,-7.583090000368915],[110.811613999709621,-7.583020000091047],[110.811785999951027,-7.582850000280914],[110.811855000275386,-7.582896999836689],[110.811910999590921,-7.582906999626898],[110.81222099971454,-7.582958000112908],[110.812317000068575,-7.582569000203247],[110.81233100042418,-7.582552999902286],[110.812379999875489,-7.582475999739391],[110.812442999629681,-7.582403999727282],[110.812544000277072,-7.582329000245151],[110.812649000437645,-7.582247999743805],[110.812717000082316,-7.58219400004149],[110.812796000219251,-7.582057000044278],[110.812863999755592,-7.581873000251791],[110.812929000303413,-7.58166399959595],[110.812955000339372,-7.58155599985973],[110.813004000088782,-7.581524000094018],[110.813019999611953,-7.581501000171668],[110.813045999848626,-7.581466000015467],[110.813082999803711,-7.58141900005253],[110.813118000182385,-7.581384000138624],[110.813146000446594,-7.581338000376398],[110.81320500034451,-7.58129099989663],[110.81325799970935,-7.581259000008225],[110.813312000319655,-7.581226000089744],[110.813344999971306,-7.581193000203984],[110.813369999636009,-7.581151000046057],[110.813401000262189,-7.581114000200773],[110.813367000232333,-7.581106000091134],[110.813459000242389,-7.580831000023141],[110.81358999994869,-7.58086900008682],[110.813599000316486,-7.580819999841714],[110.814293000055059,-7.580923999867493],[110.814299000386072,-7.580903000152952],[110.814317000320614,-7.580834000099833],[110.814317999658329,-7.580829000070701],[110.814620999605381,-7.580824000323118],[110.8146950001276,-7.580401000345261]]]]}},
{"type":"Feature","properties":{"OBJECTID_1":426,"PROVINSI":"Provinsi Jawa Tengah","KABUPATEN":"Kota Surakarta","KECAMATAN":"Kecamatan Banjarsari","KELURAHAN":"Kelurahan Setabelan","SUMBER":"Peraturan Walikota Surakarta Provinsi Jawa Tengah Nomor :146.3/12.2 Tahun 2020 Tanggal 4 Februari 2020 tentang Batas Wilayah Kecamatan dan Kelurahan Kota Surakarta","Shape_Leng":2804.3202263899998,"Shape_Area":443077.56508199999,"luas":44.342824180500003},"geometry":{"type":"MultiPolygon","coordinates":[[[[110.830055999872414,-7.55876400025848],[110.829732999872036,-7.559904999724553],[110.829474999586154,-7.560798999710495],[110.829016000295098,-7.562359000070416],[110.828356999909786,-7.564682000079214],[110.8284990002672,-7.564743000436288],[110.828332999792536,-7.565091000088409],[110.828333000312497,-7.565185999835284],[110.828274000442661,-7.565332000431493],[110.828225000257561,-7.56527400000989],[110.828160999681046,-7.565216999554648],[110.82802499991412,-7.565157000097901],[110.827717999561671,-7.565066000410871],[110.827552000225324,-7.565043999890423],[110.827412000299205,-7.565043000141412],[110.827063000200724,-7.565057999873656],[110.826764000106238,-7.565051000148832],[110.82658300020438,-7.565050999678411],[110.826487999890787,-7.565050999886076],[110.826420000429195,-7.565077000017179],[110.826191999570085,-7.565200000367994],[110.825698999650697,-7.565420000338476],[110.825383000070332,-7.565529000327659],[110.825075000288336,-7.565665000178019],[110.824997000132257,-7.565684000128262],[110.824941000164216,-7.56570499985428],[110.824890000304109,-7.56571300019929],[110.824854999947604,-7.565712999712556],[110.824804000194959,-7.565705000017307],[110.824753000344955,-7.565695000312316],[110.824696999593314,-7.565673000377737],[110.824586999601948,-7.565609000350228],[110.824455999866586,-7.565526000400919],[110.824313999943513,-7.565411000444742],[110.824179999907813,-7.565312000080277],[110.823920999982292,-7.565098000120714],[110.823723000383168,-7.564946000362029],[110.823580999721386,-7.564835999729574],[110.823526999867866,-7.564796000423564],[110.823456999937818,-7.564760999619384],[110.823389999620034,-7.564734999583248],[110.823332000214009,-7.564712999572053],[110.823242999648429,-7.564692000108995],[110.823303000216285,-7.564509999658791],[110.823563999907009,-7.563832000005813],[110.823677999807018,-7.563534000300344],[110.823957999582746,-7.562875999931882],[110.824115999913232,-7.562432000360996],[110.824128999583195,-7.562374999607611],[110.824135999984378,-7.562279999977394],[110.824142000247349,-7.562217000007866],[110.824155000339303,-7.561981999798172],[110.824142000132909,-7.561690999847658],[110.824199999793109,-7.560169999712674],[110.824225999701284,-7.559328000251398],[110.82427100005188,-7.558022999696114],[110.82425800026104,-7.557851999963954],[110.82543899978657,-7.558036000231667],[110.828150000044801,-7.558461000016401],[110.829488999619542,-7.55867100007447],[110.830055999872414,-7.55876400025848]]]]}},
{"type":"Feature","properties":{"OBJECTID_1":427,"PROVINSI":"Provinsi Jawa Tengah","KABUPATEN":"Kota Surakarta","KECAMATAN":"Kecamatan Jebres","KELURAHAN":"Kelurahan Sewu","SUMBER":"Peraturan Walikota Surakarta Provinsi Jawa Tengah Nomor :146.3/12.2 Tahun 2020 Tanggal 4 Februari 2020 tentang Batas Wilayah Kecamatan dan Kelurahan Kota Surakarta","Shape_Leng":2993.7253374299999,"Shape_Area":469379.58372699999,"luas":46.9751872995},"geometry":{"type":"MultiPolygon","coordinates":[[[[110.845986999749627,-7.570752000069089],[110.846121000317254,-7.570774000424299],[110.846219999924145,-7.57075299958079],[110.846455999898595,-7.570663999780765],[110.846494000284352,-7.570777000357267],[110.846496000249473,-7.57083799987011],[110.846555000042656,-7.571089999619159],[110.846601999720917,-7.571222999789515],[110.846668999627269,-7.571369999793221],[110.846820999744338,-7.571689000284625],[110.846931000398584,-7.571854999582412],[110.847140000437548,-7.572017000113218],[110.847396999938212,-7.572221000284518],[110.847649000325305,-7.572373000228467],[110.847691999843491,-7.572416000451316],[110.847742000371895,-7.57259099985289],[110.847742029345156,-7.572591101174906],[110.847398176560588,-7.572708231307585],[110.847155899848104,-7.57287934629623],[110.847021777274151,-7.573031659644629],[110.84697416465815,-7.573085729905097],[110.846974051267679,-7.57308594153475],[110.846968174921827,-7.573096903769114],[110.84681763042903,-7.573377721793709],[110.84673026708829,-7.57361493908336],[110.846671150074727,-7.573775457818814],[110.84660928129064,-7.574201177521981],[110.846554804992849,-7.574576028581626],[110.846484144057968,-7.575294758096694],[110.846423129579833,-7.575915368614691],[110.846408958143144,-7.575996186069283],[110.84636750840545,-7.576232572755035],[110.846175639675877,-7.576549727873557],[110.84609974544918,-7.576616500859933],[110.846089827590816,-7.576625227362481],[110.845943442026723,-7.576751057407924],[110.8456002397878,-7.576917100889876],[110.844979488150855,-7.577103185633836],[110.844672612691795,-7.57714064669869],[110.844156916759232,-7.577203597824596],[110.844121181309774,-7.577210715760492],[110.844093179156644,-7.577216294170163],[110.844092999649718,-7.57721633028869],[110.844092999768449,-7.577216000120631],[110.844092999888801,-7.577215665429711],[110.844092999581079,-7.577214000115945],[110.844056000297826,-7.576919000206545],[110.8439569995478,-7.57660900020628],[110.843897000132827,-7.576356000275753],[110.843799000015338,-7.576099999817135],[110.843685000075581,-7.575926000118174],[110.843571999708487,-7.575815999994505],[110.843466000425593,-7.575743999733776],[110.843292000226739,-7.575664999845583],[110.84310199984661,-7.575631000110101],[110.842985000149369,-7.575630999557291],[110.84246699997631,-7.575638000223046],[110.842213000437013,-7.575691000214425],[110.84151700032055,-7.575702000364684],[110.840971999680534,-7.575637999668621],[110.840289999707252,-7.575468000310432],[110.840255000237775,-7.575456000112824],[110.840329000044079,-7.575223000045776],[110.840467999794456,-7.574851999945062],[110.840571999802293,-7.57448899966282],[110.84065099999043,-7.574228000385428],[110.840676000114897,-7.574100000191323],[110.840690000099912,-7.573999999654729],[110.840697000031597,-7.573864999642898],[110.840733000244299,-7.573187999929276],[110.84075099991901,-7.572732000012192],[110.840794000161381,-7.571998000415371],[110.840808999603951,-7.571594999952689],[110.840820000262767,-7.571296000082407],[110.84081299979988,-7.571067000135022],[110.840798000352905,-7.570970999849433],[110.840727000185026,-7.57075000005258],[110.840548999554741,-7.570241000204451],[110.840416999765125,-7.569870000279145],[110.840391999720723,-7.569773999933678],[110.840373999972471,-7.569684999906168],[110.840355999991786,-7.56950300009907],[110.840355999818399,-7.569432000374794],[110.840474000089245,-7.568915000218407],[110.841271000099198,-7.56917099962916],[110.841997000078734,-7.569368999761279],[110.842499999619179,-7.569539999969157],[110.843648999997214,-7.569977000028505],[110.845326000356707,-7.570587000275257],[110.845986999749627,-7.570752000069089]]]]}},
{"type":"Feature","properties":{"OBJECTID_1":428,"PROVINSI":"Provinsi Jawa Tengah","KABUPATEN":"Kota Surakarta","KECAMATAN":"Kecamatan Laweyan","KELURAHAN":"Kelurahan Sondakan","SUMBER":"Peraturan Walikota Surakarta Provinsi Jawa Tengah Nomor :146.3/12.2 Tahun 2020 Tanggal 4 Februari 2020 tentang Batas Wilayah Kecamatan dan Kelurahan Kota Surakarta","Shape_Leng":3889.8323936800002,"Shape_Area":800922.47893500002,"luas":80.155344346600003},"geometry":{"type":"MultiPolygon","coordinates":[[[[110.798248999908651,-7.566951999816953],[110.798245999683402,-7.566962999789437],[110.797944999782402,-7.567860999992369],[110.797343999744456,-7.569813999605947],[110.795320999710043,-7.569209999566228],[110.794397000023096,-7.568933999814285],[110.793588000289148,-7.568714999680162],[110.792783000037744,-7.568515000416473],[110.792131000323579,-7.568361999842038],[110.791917000363711,-7.568261999976748],[110.791854999721608,-7.568248000231476],[110.791769000255229,-7.568243000321544],[110.791601999953755,-7.568229000127185],[110.791426000322531,-7.568229000084817],[110.791306999759016,-7.568237999669984],[110.791193000149605,-7.568256999807302],[110.791064000367655,-7.568295000411791],[110.790873999878301,-7.568380999753518],[110.790396999707923,-7.568541999951058],[110.790326000260137,-7.568446999749097],[110.790240000383619,-7.568303999564971],[110.790206999691932,-7.568167000447322],[110.790202000118185,-7.567990999884552],[110.790226000147172,-7.567882000146223],[110.790192999972263,-7.567743999669427],[110.790126000348181,-7.567614999557823],[110.790041000150666,-7.56750100026361],[110.789974000176286,-7.56740099967188],[110.789846000323266,-7.56732500042403],[110.789721999907727,-7.567267999898871],[110.78956500022943,-7.5671969996989],[110.789417000002146,-7.567140000168992],[110.789302999560348,-7.567106999828894],[110.789207999613126,-7.567101999593906],[110.789117000393077,-7.567101999915301],[110.789041000307691,-7.567102000238409],[110.788940999932976,-7.567073000245117],[110.788888999794835,-7.567029999956589],[110.788812999634985,-7.566978000252241],[110.788727000106633,-7.56691600021526],[110.788602999862647,-7.566835000288263],[110.78851300024678,-7.566777999626606],[110.788412999837931,-7.566739999969226],[110.78835500011391,-7.566735000316504],[110.788279000296669,-7.566716000061149],[110.788227000001584,-7.566706999687239],[110.788183999888659,-7.566688000063553],[110.788146000016098,-7.566645000157551],[110.788131999865158,-7.566592999700625],[110.788131999718246,-7.56654499971272],[110.788141000446558,-7.566492999576053],[110.788170000234771,-7.566411999663782],[110.78819900036963,-7.566360000194514],[110.788226999711185,-7.566308000236979],[110.7882599999202,-7.566279000438851],[110.788284000045877,-7.566165000358429],[110.788289000156666,-7.566065000094548],[110.788274999552399,-7.565946999654996],[110.78826099994933,-7.565865999659508],[110.788226999711824,-7.565794999899466],[110.788169999903388,-7.565713999822645],[110.788127000095869,-7.565675999747133],[110.78806100037265,-7.56563800024997],[110.787989000273754,-7.565619000083329],[110.787888999605983,-7.565623000302741],[110.78781800036046,-7.565627999684848],[110.787637000213891,-7.56569000021639],[110.787566000452216,-7.565708999553326],[110.787480000419833,-7.56572300016351],[110.787375000241127,-7.565742000085355],[110.787298999890155,-7.565756000107427],[110.787164999858192,-7.565779999852383],[110.787075000286208,-7.565794000239086],[110.786989000094906,-7.565775000308692],[110.786907999679528,-7.565746000093868],[110.786836999644294,-7.565699000234935],[110.786807999951463,-7.565604000107959],[110.786765999778879,-7.565504000408389],[110.786693999554132,-7.565395000056225],[110.786647000032957,-7.565318999702533],[110.78658000009672,-7.565271000403802],[110.786508999638073,-7.565237999584686],[110.786431999944199,-7.5651810003465],[110.786360999815955,-7.565104999969154],[110.786317999632004,-7.5650240001851],[110.786304000161707,-7.564937999683406],[110.786284999604376,-7.564790999914233],[110.786284999706979,-7.564624999961524],[110.786313999637287,-7.564382000215897],[110.786319000324056,-7.564277999979624],[110.786332999622147,-7.564169000081548],[110.786375999935899,-7.564045000369301],[110.786405000152669,-7.563945000122414],[110.786433000064008,-7.563903000273828],[110.786447000425042,-7.563836000359807],[110.786438000131682,-7.563707999601441],[110.787947999781295,-7.563327999984921],[110.789095000429768,-7.563067999730048],[110.789910000135777,-7.562896999942049],[110.792376999925636,-7.562371000441824],[110.79449399987638,-7.561903999878564],[110.794549000225445,-7.561892000448262],[110.794555000392677,-7.561889999654572],[110.795605999593491,-7.562200999951718],[110.799133999884958,-7.563281000022479],[110.799352000317668,-7.563348000430511],[110.799161000109052,-7.563975000174976],[110.798928000346493,-7.564750000417253],[110.798403000300084,-7.566422000293167],[110.798248999908651,-7.566951999816953]]]]}},
{"type":"Feature","properties":{"OBJECTID_1":429,"PROVINSI":"Provinsi Jawa Tengah","KABUPATEN":"Kota Surakarta","KECAMATAN":"Kecamatan Laweyan","KELURAHAN":"Kelurahan Sriwedari","SUMBER":"Peraturan Walikota Surakarta Provinsi Jawa Tengah Nomor :146.3/12.2 Tahun 2020 Tanggal 4 Februari 2020 tentang Batas Wilayah Kecamatan dan Kelurahan Kota Surakarta","Shape_Leng":3507.49138137,"Shape_Area":535414.06414100004,"luas":53.583699278600001},"geometry":{"type":"MultiPolygon","coordinates":[[[[110.810938000101416,-7.563377000154877],[110.810922000229169,-7.563550000219267],[110.810898999800784,-7.563871999690555],[110.810863999588094,-7.564176000262255],[110.810857999910453,-7.564331000108331],[110.811484000197254,-7.564444999883606],[110.811956000118357,-7.564531000208612],[110.812335999555103,-7.564609000243384],[110.813214999944876,-7.564812999714765],[110.813297000182487,-7.564844000038939],[110.814424999765464,-7.565079000081758],[110.814296999687173,-7.566027000232435],[110.814611999680196,-7.566075000446593],[110.814672999562788,-7.56608799970727],[110.814723000063395,-7.566108999724387],[110.814746000419973,-7.566122999564325],[110.814773999703846,-7.566152999738613],[110.814785999558737,-7.566183999901608],[110.814803000102543,-7.566229000397525],[110.814808999607607,-7.566271000287546],[110.814820000281145,-7.566310999584903],[110.814824000187954,-7.566376000012792],[110.814838999817056,-7.566496000208865],[110.814845000235181,-7.566538000098434],[110.815040999945467,-7.56654400006623],[110.815563999778647,-7.566523000395075],[110.816061000142838,-7.566540000036478],[110.816185000270394,-7.566547999871371],[110.816255000177364,-7.566562999996027],[110.816323999723934,-7.566591999707736],[110.8167629999393,-7.566816999738649],[110.816729999702545,-7.567020000175388],[110.816667000201633,-7.567384000428395],[110.816627000042544,-7.567536999647267],[110.816376999903298,-7.568390000047797],[110.816356999998021,-7.568453000299567],[110.817297999901427,-7.568778999921706],[110.817299999740854,-7.568780999857971],[110.81729699959314,-7.568779999956083],[110.816712000259628,-7.571993000351755],[110.816563999635775,-7.572725999971411],[110.816347999970247,-7.572670999828016],[110.815933999731428,-7.572604000090513],[110.815340999845176,-7.572461000040645],[110.814562999669448,-7.572260999589832],[110.814116000167004,-7.572146999876722],[110.8135910002554,-7.572022000259372],[110.813037999608056,-7.571900000217664],[110.812566000022272,-7.571789999967348],[110.812055999969161,-7.571714000041531],[110.811508999795905,-7.571629000246506],[110.810224000288784,-7.571552999678523],[110.810279000337204,-7.571328000371602],[110.810415000307174,-7.570526999611222],[110.810574999594635,-7.569578999561268],[110.810763999959036,-7.568455000049106],[110.811059999583151,-7.566883000135594],[110.809839000263111,-7.566504999942149],[110.8098750004431,-7.565557000157345],[110.809999000384209,-7.563712000090028],[110.81048500035493,-7.563783000374162],[110.810499000382052,-7.563380000088222],[110.81093500044193,-7.563374999756908],[110.810938000101416,-7.563377000154877]]]]}},
{"type":"Feature","properties":{"OBJECTID_1":430,"PROVINSI":"Provinsi Jawa Tengah","KABUPATEN":"Kota Surakarta","KECAMATAN":"Kecamatan Jebres","KELURAHAN":"Kelurahan Sudiroprajan","SUMBER":"Peraturan Walikota Surakarta Provinsi Jawa Tengah Nomor :146.3/12.2 Tahun 2020 Tanggal 4 Februari 2020 tentang Batas Wilayah Kecamatan dan Kelurahan Kota Surakarta","Shape_Leng":1991.2405283099999,"Shape_Area":236913.396805,"luas":23.7101134085},"geometry":{"type":"MultiPolygon","coordinates":[[[[110.8370140000997,-7.567701999637845],[110.836852999754399,-7.568349999763577],[110.836745999755408,-7.568746000441624],[110.8363879997342,-7.57018199978087],[110.836342000146075,-7.570235000269752],[110.836178999897243,-7.570949999880658],[110.836118000128025,-7.5708249997357],[110.835993000394481,-7.570651000269448],[110.835887000025579,-7.570579000008331],[110.83573599987885,-7.570571999642482],[110.835602999992943,-7.570564000132697],[110.835421000289884,-7.57057899977141],[110.835314999654472,-7.570594000016418],[110.833945000292928,-7.571012999841843],[110.833506000168754,-7.571106999888872],[110.833293999750268,-7.571121999833908],[110.832869999726455,-7.571058000125874],[110.831333999887164,-7.570678999651035],[110.831125999771885,-7.570603999914238],[110.831034999645013,-7.570555000277425],[110.830970999988494,-7.570508999793195],[110.830928000294151,-7.570447999728176],[110.830876000450417,-7.570362000187621],[110.830822999884845,-7.570234000169139],[110.830821000111456,-7.570226999831296],[110.830755000381359,-7.570075000138225],[110.830755999687611,-7.569943999812794],[110.830774999840941,-7.569463999893875],[110.831207000116066,-7.569377999873367],[110.831301999986977,-7.569306999869344],[110.831659000380625,-7.568759999704324],[110.83328900000302,-7.566414000338085],[110.834083999839166,-7.566708999845543],[110.834816999712075,-7.566927999589807],[110.836026999594495,-7.567355999604975],[110.8370140000997,-7.567701999637845]]]]}},
{"type":"Feature","properties":{"OBJECTID_1":431,"PROVINSI":"Provinsi Jawa Tengah","KABUPATEN":"Kota Surakarta","KECAMATAN":"Kecamatan Banjarsari","KELURAHAN":"Kelurahan Sumber","SUMBER":"Peraturan Walikota Surakarta Provinsi Jawa Tengah Nomor :146.3/12.2 Tahun 2020 Tanggal 4 Februari 2020 tentang Batas Wilayah Kecamatan dan Kelurahan Kota Surakarta","Shape_Leng":5516.1421871700004,"Shape_Area":1470910.0507199999,"luas":147.20704527699999},"geometry":{"type":"MultiPolygon","coordinates":[[[[110.81085199996852,-7.545023000247284],[110.810849999772202,-7.54509100042787],[110.810875000269348,-7.545578999585877],[110.810882000161499,-7.545779000309983],[110.810906999740027,-7.54590400007105],[110.810931000251841,-7.546021000286546],[110.810967000394584,-7.546102999737887],[110.811034999880434,-7.546189000362145],[110.811195999671185,-7.546330999652256],[110.811335000378264,-7.54644599973916],[110.811449000124597,-7.546530999794739],[110.81152800032298,-7.546598999624754],[110.811616999563995,-7.546699000196844],[110.811731000262924,-7.546824000263133],[110.811869999804827,-7.546933999721579],[110.811992000378595,-7.547023000376883],[110.812180999946307,-7.547148000013039],[110.81230899957157,-7.547211999941961],[110.812555999785346,-7.547332999886951],[110.812702000242354,-7.547437000267668],[110.813065999799733,-7.547743999776151],[110.813388000012196,-7.548022000448486],[110.813604999974075,-7.548218000278085],[110.813852000403656,-7.548416999670897],[110.814079999833481,-7.548591999840895],[110.814269999571167,-7.548732000409505],[110.814505000164658,-7.548811000422512],[110.814612000052477,-7.548848000219798],[110.814615000057074,-7.548849000137587],[110.814512000427911,-7.549063000305265],[110.814468999824584,-7.549091000202948],[110.814390999788159,-7.54912000016092],[110.814309000054763,-7.549137000189418],[110.814222999555938,-7.549170000344107],[110.814041000138118,-7.549254999552556],[110.813765999800466,-7.549407999906103],[110.813373000272875,-7.549603999995132],[110.812904999867584,-7.549818000216368],[110.812487000080083,-7.550003000067907],[110.812118999630769,-7.550156000143482],[110.811726000095774,-7.550308999986174],[110.811401000302112,-7.550423000256067],[110.811132999988018,-7.550530000031677],[110.810761999690101,-7.550715000413474],[110.810489999829855,-7.550857000377025],[110.810036000042317,-7.551046000308535],[110.80981899991535,-7.551160000183145],[110.809489999698172,-7.551249000381187],[110.809351000231018,-7.551312999561736],[110.809207999814262,-7.551366000097058],[110.809103999595578,-7.551409000422813],[110.809003999651864,-7.551451999758263],[110.80892900028627,-7.55148700004083],[110.808803999759817,-7.551508999667326],[110.808679000019808,-7.55152300014935],[110.80843299980522,-7.55150800042688],[110.808282999584947,-7.551505000207412],[110.80809000040729,-7.551494000034189],[110.807736000284635,-7.551465000387488],[110.807543999555719,-7.551446999949745],[110.807271999732848,-7.551425999871905],[110.806786999835083,-7.551343999915034],[110.806351000370626,-7.551268999898033],[110.806161999738833,-7.551243999723064],[110.805929000396489,-7.551210999814043],[110.805729000224403,-7.551196999558723],[110.805600999962181,-7.551196999614088],[110.805428999818417,-7.551222000429982],[110.805344000298533,-7.551239999683248],[110.805232999696571,-7.55124300042403],[110.805147000222007,-7.551243000070989],[110.805029999929701,-7.551215000300428],[110.804896999756892,-7.551168000111085],[110.80472199962955,-7.551097000073621],[110.804580000392761,-7.551032999813143],[110.804447000288931,-7.550976000379244],[110.804372999795305,-7.550939999766053],[110.804298000340452,-7.550893999583359],[110.804255000089299,-7.550864999728225],[110.804233000175444,-7.550822000212676],[110.804201000014203,-7.550782999838958],[110.804189999756019,-7.550737000270777],[110.804169000118648,-7.550682999827633],[110.8041509996267,-7.550648000302868],[110.804129999578677,-7.550605000325814],[110.804104999766437,-7.55058299994175],[110.804051000395944,-7.550565999676111],[110.803975999764759,-7.550550999936092],[110.803901000030194,-7.550530000175133],[110.80383300015545,-7.550522999945731],[110.80374100038749,-7.550515999781792],[110.803666000260705,-7.55051599955823],[110.803608000229943,-7.550525999740464],[110.803550999614401,-7.550550999933117],[110.803494000386408,-7.550596999695981],[110.803457999707135,-7.550646999856647],[110.803432999570049,-7.550689999978007],[110.803404999867638,-7.550714999627602],[110.80337600031676,-7.550739999729954],[110.803325999949323,-7.550775999891271],[110.803283000298961,-7.550807999574659],[110.803229999930011,-7.550846999734824],[110.803189999797965,-7.550874999849331],[110.803143999684977,-7.550906999976015],[110.803094000185965,-7.550943000109932],[110.803043999770026,-7.550975000231984],[110.803005000366795,-7.551002999875318],[110.802975999870739,-7.55103599996014],[110.802939999999353,-7.551078000064254],[110.802900999686855,-7.551163999775384],[110.802839999574289,-7.551317000047389],[110.802811999797854,-7.551387999717517],[110.802783000165761,-7.551448999825411],[110.802762000206712,-7.551505999918923],[110.802740000397918,-7.551545000440582],[110.802687000346026,-7.551577000068718],[110.802632999987438,-7.551605999686645],[110.802601000334903,-7.551637999744594],[110.802543999968719,-7.55166600025575],[110.802500999727698,-7.551687000294936],[110.802475999904985,-7.551708999876253],[110.802429000251323,-7.551747999932275],[110.80239400011088,-7.551794000444451],[110.802336000300798,-7.551837000042271],[110.802304000164852,-7.551861999615694],[110.802268999598553,-7.551868999614863],[110.802244000226736,-7.551875999615557],[110.802203999977053,-7.55187599959884],[110.802128999650932,-7.551857999987157],[110.802044000415648,-7.551832999893994],[110.801957999557686,-7.551794000217394],[110.801829999712822,-7.551744999554532],[110.801772999889891,-7.551710000337001],[110.801730999571603,-7.55168499979088],[110.801675999878185,-7.55166300012809],[110.801618999557334,-7.551652999565022],[110.801553999936615,-7.551668000367429],[110.801499999999209,-7.551680000274406],[110.801444999768066,-7.551689000168612],[110.80120400022858,-7.552208999751513],[110.800992999585574,-7.552212999572921],[110.800887000254576,-7.552213000120147],[110.800811999838302,-7.552215000305995],[110.800740999769843,-7.55220699957819],[110.800738999779966,-7.552550000421318],[110.800608999609381,-7.552609000420701],[110.800519999923239,-7.552347000194438],[110.800517000367023,-7.55234899973162],[110.80038900011489,-7.552455000181322],[110.800290999703947,-7.552346000043115],[110.800148000202441,-7.552469000366884],[110.800063000104572,-7.552509000413343],[110.799967000103535,-7.552508999884474],[110.799800999828435,-7.552504999820251],[110.79961999992274,-7.552513000062611],[110.799541000134752,-7.552504999992504],[110.79944599988373,-7.552460000211582],[110.799346000204878,-7.552384000342123],[110.799281999767899,-7.552291999787993],[110.799190000056242,-7.552137000308258],[110.799157999834932,-7.552095000025605],[110.799134999893226,-7.55207300028228],[110.799113999547501,-7.552062999661077],[110.799070999744401,-7.552062999786896],[110.799044000156812,-7.552071000040772],[110.799001000106799,-7.552099000189591],[110.798966999572158,-7.552128999954703],[110.798926000024423,-7.552167000122433],[110.798892000295254,-7.552206999892297],[110.798806999936616,-7.55226899971623],[110.798754000036595,-7.552294000206057],[110.798685999761432,-7.552311000100626],[110.79859600044702,-7.552291999755681],[110.798532999716329,-7.552231999590002],[110.798494000312104,-7.552175000087501],[110.79847099999516,-7.552103000257956],[110.798474999744073,-7.552021999757214],[110.798497000113557,-7.551967000349689],[110.798552000024003,-7.551861000274604],[110.798628999821588,-7.551697000320027],[110.798677999690341,-7.551541999669195],[110.798686000033797,-7.551471999661786],[110.79868200038679,-7.55140399955434],[110.798653999590428,-7.551320999677493],[110.798626999616218,-7.551278999852408],[110.798563000045519,-7.55122300014054],[110.798510000105452,-7.551171999618026],[110.798438999652504,-7.551134000297723],[110.798352000169928,-7.551111000383066],[110.798168999798463,-7.551074999973445],[110.798054000356103,-7.551031999707786],[110.797939000074962,-7.550985000312314],[110.797820000187286,-7.550959999964167],[110.797657999955945,-7.550914999552425],[110.79763499986332,-7.550840999678066],[110.797551999641868,-7.550686000415945],[110.797408999887864,-7.550483999959889],[110.797328999724343,-7.55037100028268],[110.79723899966649,-7.550269000033459],[110.797184000414575,-7.550210000227982],[110.797087999987298,-7.550143999915083],[110.797024000158444,-7.550101000450153],[110.796963000151749,-7.550071000122045],[110.796892000295401,-7.550046000118174],[110.796845999763761,-7.550016000413511],[110.796806999704899,-7.549970999873167],[110.796752000002726,-7.54988599998786],[110.796684000136594,-7.549831000410739],[110.796575000276334,-7.549753000259539],[110.796503000034633,-7.549707999707757],[110.796424000357163,-7.549669999961569],[110.796327999988662,-7.549616000403121],[110.796298999724101,-7.549576000413904],[110.796266999769514,-7.549517000361774],[110.796226000353911,-7.549427000149901],[110.796209999696416,-7.549368000317008],[110.796201000107075,-7.549285000105328],[110.796205999765164,-7.549254999692105],[110.796233999574483,-7.549213000040484],[110.796258000232584,-7.549125999832462],[110.796270000004483,-7.549073999944735],[110.796272999743266,-7.549028999939109],[110.796267999671358,-7.548995999835114],[110.7962539998898,-7.548979000075206],[110.796224000090959,-7.548952000081082],[110.796187000248821,-7.54891199997299],[110.796108999604854,-7.548849000160463],[110.796108000263544,-7.548846000143389],[110.796093000306527,-7.548822000356854],[110.796092999838223,-7.548822999905402],[110.796077657037856,-7.548809095853182],[110.796130142370899,-7.54862414321038],[110.796175786762674,-7.548463810642128],[110.79623102879674,-7.548293908582836],[110.796276666392515,-7.548147936030301],[110.796348734279874,-7.547898582637542],[110.796387650832088,-7.547765052903189],[110.796406604755887,-7.547701932760388],[110.796438094749561,-7.547597063545577],[110.796514358235697,-7.547324999242631],[110.796584972732674,-7.547106759581707],[110.796603466754121,-7.54704808155189],[110.79664117830832,-7.546928433647446],[110.79666856417505,-7.546832233699914],[110.796691624705659,-7.546754700236219],[110.796695861881872,-7.546740386495594],[110.796724774908071,-7.546642707378165],[110.796809813041619,-7.546350375687722],[110.796890525583237,-7.546079008068651],[110.796942951289665,-7.545903780283131],[110.796999162443214,-7.545712817456129],[110.797033875757421,-7.545599691865688],[110.797095302398617,-7.545399512977736],[110.797130450460557,-7.545279257763868],[110.797208946787038,-7.54501069229419],[110.79726779350635,-7.544824039104387],[110.797340094077938,-7.54458641332945],[110.797414202417968,-7.544338269139316],[110.797426570442838,-7.544296858259941],[110.79750222349314,-7.544071679969677],[110.797535137955634,-7.543962790493786],[110.797571882657238,-7.543841233389739],[110.797618717994524,-7.54369645794308],[110.797648739690416,-7.543605524626721],[110.797693878637375,-7.543459543497914],[110.797750822911823,-7.543275389568664],[110.797850517630494,-7.542923374554927],[110.797858502796714,-7.542897662243188],[110.7979177723834,-7.542706808308504],[110.798043962675493,-7.542280452584313],[110.798083589794757,-7.542164392914979],[110.798125626676892,-7.542022008669573],[110.798167802419826,-7.541892885470165],[110.798199999715663,-7.541900999838958],[110.798475999985797,-7.541974000092636],[110.798737999711918,-7.542037999599074],[110.799053999908722,-7.542118000265836],[110.79937800022546,-7.542193000297976],[110.799756000140292,-7.542292000430173],[110.800116999628926,-7.542380999692255],[110.800476000078078,-7.542469000007793],[110.800885999907919,-7.542572999757724],[110.801132000006021,-7.54263200005313],[110.801282000145122,-7.542664000435437],[110.8017459996029,-7.54277699996157],[110.80194899969338,-7.542830999750325],[110.802528000026854,-7.542975000361882],[110.804187999797918,-7.543381999773366],[110.804638000099644,-7.54350000040995],[110.805152000107185,-7.543614999702958],[110.805492000066337,-7.54370599969968],[110.805624000312818,-7.543727999630213],[110.806110999696131,-7.543855999851865],[110.806513000236521,-7.543981999927985],[110.807184999965401,-7.544148000343691],[110.807394000257034,-7.544188000253413],[110.807600000169302,-7.544225999644788],[110.807703000242711,-7.544215000150898],[110.807814000086836,-7.544261000188544],[110.808032000083941,-7.544353999783806],[110.808256999977132,-7.544418000023353],[110.808499999975069,-7.544475000328819],[110.808766999668947,-7.54453600014967],[110.809020999763376,-7.544592999551496],[110.80932800001888,-7.544676999812479],[110.810465999744039,-7.545015999984761],[110.81085199996852,-7.545023000247284]]]]}},
{"type":"Feature","properties":{"OBJECTID_1":432,"PROVINSI":"Provinsi Jawa Tengah","KABUPATEN":"Kota Surakarta","KECAMATAN":"Kecamatan Jebres","KELURAHAN":"Kelurahan Tegalharjo","SUMBER":"Peraturan Walikota Surakarta Provinsi Jawa Tengah Nomor :146.3/12.2 Tahun 2020 Tanggal 4 Februari 2020 tentang Batas Wilayah Kecamatan dan Kelurahan Kota Surakarta","Shape_Leng":3055.4760664700002,"Shape_Area":398905.10400400002,"luas":39.9221133},"geometry":{"type":"MultiPolygon","coordinates":[[[[110.836585999935608,-7.561107999994358],[110.836397000338735,-7.561415000098847],[110.83584599979811,-7.562294999894975],[110.835279000292275,-7.563217000214754],[110.835074999606775,-7.563078000128576],[110.834901000445967,-7.562966000064775],[110.83462999981333,-7.562820999726378],[110.834343999970159,-7.562695999909606],[110.834161999966184,-7.562622999781894],[110.83399500045293,-7.562589000409425],[110.833606999655885,-7.562546000392096],[110.833409000194862,-7.562527000316782],[110.832873000067593,-7.562444000001759],[110.832048000395645,-7.562304999908073],[110.831515000073296,-7.56223000001376],[110.83123899963941,-7.562185999978207],[110.83125499979549,-7.562052000420497],[110.831266000447314,-7.561895000229666],[110.831323000201863,-7.561570999781638],[110.831377000103032,-7.561196000297962],[110.8315270003379,-7.560313000438251],[110.831570000418893,-7.559924000238902],[110.831659999607382,-7.559321999980533],[110.831712999623136,-7.559003999711599],[110.832088999574282,-7.559053999915312],[110.832254000269387,-7.557818000447143],[110.832125000088226,-7.5577069998669],[110.832214000344806,-7.557265999902053],[110.83306800007152,-7.557332],[110.833279999855705,-7.557345999637046],[110.834035999773334,-7.557398000175124],[110.834314999967788,-7.557306000061486],[110.834400000320656,-7.5572790001251],[110.834457000020009,-7.557271000010453],[110.834522000043663,-7.557263999757528],[110.834822999865509,-7.557279000261163],[110.835071999581842,-7.557287000345136],[110.835300999976937,-7.557278999934735],[110.835410000244352,-7.557283999897654],[110.835474999738494,-7.557263999918137],[110.835552000222307,-7.557225000325381],[110.835777000014517,-7.556931999611532],[110.835908999748881,-7.556739999848416],[110.835945999921208,-7.556649000376318],[110.836075000089096,-7.556268999793273],[110.836723000288288,-7.556392999622191],[110.836881999970245,-7.556029999644466],[110.837014000200028,-7.555750000168385],[110.837096000415627,-7.555641000141842],[110.837291000361347,-7.555307999939637],[110.837407999780922,-7.555054000241327],[110.837461999944196,-7.555044999963292],[110.837830999638285,-7.554943000247787],[110.838416000058615,-7.554798999554468],[110.838682000191156,-7.554741999571396],[110.838909000403291,-7.554712000049737],[110.839069000353916,-7.554694000185782],[110.839029000082363,-7.554915999699184],[110.838906999968941,-7.555403999631029],[110.838861000079632,-7.555528999775579],[110.838745999888033,-7.555818000264902],[110.838610000362138,-7.556081000113987],[110.838492000014185,-7.556255999976448],[110.838192000326458,-7.556741000254174],[110.838153000100817,-7.556950999988554],[110.838102999598078,-7.557100000433226],[110.838039000097879,-7.557338999559522],[110.837987999888682,-7.557446000397626],[110.837871000244803,-7.557724000286862],[110.837682999672722,-7.557695000445933],[110.837635000080994,-7.557861999813606],[110.837578000094595,-7.558122999713705],[110.837467999775853,-7.558512999687026],[110.837167999731562,-7.559581999884629],[110.837148999736229,-7.559700000360429],[110.837157999787038,-7.559762000272547],[110.837210999999414,-7.55989999962262],[110.837182000063066,-7.560152000356499],[110.837114999622187,-7.560270999653673],[110.837006000424296,-7.560423000079776],[110.836781999659337,-7.56081200018479],[110.836585999935608,-7.561107999994358]]]]}},
{"type":"Feature","properties":{"OBJECTID_1":433,"PROVINSI":"Provinsi Jawa Tengah","KABUPATEN":"Kota Surakarta","KECAMATAN":"Kecamatan Banjarsari","KELURAHAN":"Kelurahan Timuran","SUMBER":"Peraturan Walikota Surakarta Provinsi Jawa Tengah Nomor :146.3/12.2 Tahun 2020 Tanggal 4 Februari 2020 tentang Batas Wilayah Kecamatan dan Kelurahan Kota Surakarta","Shape_Leng":2854.8409826699999,"Shape_Area":342795.19943600002,"luas":34.306617954799997},"geometry":{"type":"MultiPolygon","coordinates":[[[[110.818455999733246,-7.564847000196838],[110.818597999924293,-7.564892000102778],[110.820880000135773,-7.565825999569975],[110.821484999665856,-7.566064000198676],[110.821152000231777,-7.566799000209537],[110.820900000119309,-7.567352000339738],[110.822431999550318,-7.567924000136397],[110.822512999991943,-7.567969000177496],[110.822016999625035,-7.569816999925748],[110.821911999825929,-7.570217999717105],[110.81915100002665,-7.569381000050954],[110.817299999740854,-7.568780999857971],[110.817297999901427,-7.568778999921706],[110.816356999998021,-7.568453000299567],[110.816376999903298,-7.568390000047797],[110.816627000042544,-7.567536999647267],[110.816667000201633,-7.567384000428395],[110.816729999702545,-7.567020000175388],[110.8167629999393,-7.566816999738649],[110.816323999723934,-7.566591999707736],[110.816255000177364,-7.566562999996027],[110.816185000270394,-7.566547999871371],[110.816061000142838,-7.566540000036478],[110.815563999778647,-7.566523000395075],[110.815040999945467,-7.56654400006623],[110.814845000235181,-7.566538000098434],[110.814838999817056,-7.566496000208865],[110.814824000187954,-7.566376000012792],[110.814820000281145,-7.566310999584903],[110.814808999607607,-7.566271000287546],[110.814803000102543,-7.566229000397525],[110.814785999558737,-7.566183999901608],[110.814773999703846,-7.566152999738613],[110.814746000419973,-7.566122999564325],[110.814723000063395,-7.566108999724387],[110.814672999562788,-7.56608799970727],[110.814611999680196,-7.566075000446593],[110.814296999687173,-7.566027000232435],[110.814424999765464,-7.565079000081758],[110.814598999880943,-7.564198999589212],[110.814737999853037,-7.563347000435587],[110.814829000348908,-7.563367999754554],[110.815633999951501,-7.563690999724762],[110.817599000402296,-7.564485000282866],[110.818455999733246,-7.564847000196838]]]]}},
{"type":"Feature","properties":{"OBJECTID_1":434,"PROVINSI":"Provinsi Jawa Tengah","KABUPATEN":"Kota Surakarta","KECAMATAN":"Kecamatan Serengan","KELURAHAN":"Kelurahan Tipes","SUMBER":"Peraturan Walikota Surakarta Provinsi Jawa Tengah Nomor :146.3/12.2 Tahun 2020 Tanggal 4 Februari 2020 tentang Batas Wilayah Kecamatan dan Kelurahan Kota Surakarta","Shape_Leng":3802.8497185299998,"Shape_Area":640175.12185500003,"luas":64.068075725200003},"geometry":{"type":"MultiPolygon","coordinates":[[[[110.811809999856905,-7.575332999547776],[110.814739000141032,-7.575843999680361],[110.81542299958339,-7.575965000291417],[110.815598000390821,-7.575995999824015],[110.815628000026521,-7.576005000321615],[110.815439999569605,-7.576695999562111],[110.815292999755883,-7.57722400011049],[110.815067999832081,-7.578172000370718],[110.814971000283904,-7.578488999662649],[110.814712999708703,-7.579565000189593],[110.814610000082311,-7.579935000016088],[110.814556000421092,-7.580262999852714],[110.814538000150463,-7.58035199993225],[110.8146950001276,-7.580401000345261],[110.814620999605381,-7.580824000323118],[110.814317999658329,-7.580829000070701],[110.814317000320614,-7.580834000099833],[110.814299000386072,-7.580903000152952],[110.814293000055059,-7.580923999867493],[110.813599000316486,-7.580819999841714],[110.81358999994869,-7.58086900008682],[110.813459000242389,-7.580831000023141],[110.813367000232333,-7.581106000091134],[110.813401000262189,-7.581114000200773],[110.813369999636009,-7.581151000046057],[110.813344999971306,-7.581193000203984],[110.813312000319655,-7.581226000089744],[110.81325799970935,-7.581259000008225],[110.81320500034451,-7.58129099989663],[110.813146000446594,-7.581338000376398],[110.813118000182385,-7.581384000138624],[110.813082999803711,-7.58141900005253],[110.813045999848626,-7.581466000015467],[110.813019999611953,-7.581501000171668],[110.813004000088782,-7.581524000094018],[110.812955000339372,-7.58155599985973],[110.812929000303413,-7.58166399959595],[110.812863999755592,-7.581873000251791],[110.812796000219251,-7.582057000044278],[110.812717000082316,-7.58219400004149],[110.812649000437645,-7.582247999743805],[110.812544000277072,-7.582329000245151],[110.812442999629681,-7.582403999727282],[110.812379999875489,-7.582475999739391],[110.81233100042418,-7.582552999902286],[110.812317000068575,-7.582569000203247],[110.81222099971454,-7.582958000112908],[110.811910999590921,-7.582906999626898],[110.811855000275386,-7.582896999836689],[110.811785999951027,-7.582850000280914],[110.811613999709621,-7.583020000091047],[110.811671000068259,-7.583090000368915],[110.81183899960422,-7.58329599985952],[110.811910999866583,-7.583372000263516],[110.811722068854408,-7.583591919537439],[110.811721729022437,-7.583591636260467],[110.811716445765114,-7.583587239580948],[110.811700838861015,-7.58357425046132],[110.811587181929966,-7.58349396061473],[110.811545712911908,-7.583464665394733],[110.81149366441791,-7.583431395436861],[110.811451121146916,-7.583404201055032],[110.811330033214006,-7.583351278352993],[110.811252798781638,-7.583327020514875],[110.811197585884671,-7.583309679503439],[110.811046218634672,-7.583260520156925],[110.810897977844704,-7.583238938788652],[110.810838072554048,-7.5832302180385],[110.810712148305868,-7.583202238346338],[110.810701836439648,-7.583199947111463],[110.810569379313279,-7.583181007506091],[110.81055169238887,-7.583177348063216],[110.810459632822884,-7.583158300276623],[110.810372583582492,-7.583158262348983],[110.810270396842128,-7.583158217803661],[110.810213128876569,-7.583161554204829],[110.810141712993783,-7.583165714819183],[110.810081149274765,-7.583184570348307],[110.810056902915164,-7.583194639369643],[110.810035724865145,-7.583203433383227],[110.809950727780588,-7.5832101814339],[110.809941103553342,-7.583210945208683],[110.809925045440167,-7.5832099368371],[110.809880549763591,-7.583207142181954],[110.80982378577734,-7.583192011085045],[110.809774600494691,-7.583154224762332],[110.809740561166052,-7.583101339670751],[110.809717873010058,-7.583056012686082],[110.809672573028493,-7.582791640018185],[110.809640675954483,-7.582375502017152],[110.809612362808139,-7.582006110049766],[110.809619223071962,-7.581932873769188],[110.809627572520441,-7.581843729495803],[110.809646565376539,-7.581685126262918],[110.809657965779124,-7.581526853492927],[110.809657989495847,-7.581526519717579],[110.809653104867095,-7.581506287813986],[110.809631544817762,-7.581416991152671],[110.809559708209562,-7.58125079503574],[110.809510558934733,-7.581133703381914],[110.809487879202493,-7.58106949352282],[110.809453838406256,-7.581020384980993],[110.809419807147535,-7.580997017743447],[110.809393301538393,-7.580978817980004],[110.809355230376354,-7.580954213327887],[110.809328979873911,-7.580937248408222],[110.809234378998823,-7.580899442130076],[110.809189885330412,-7.580882344375556],[110.809135993332632,-7.580861634172053],[110.809013184323589,-7.580809973770675],[110.808992201791568,-7.580801147735186],[110.808871114895595,-7.580748224368133],[110.808735893863826,-7.580677472951329],[110.808712194206521,-7.580665072663557],[110.808694289327391,-7.58065434204097],[110.808598683667597,-7.58059704626004],[110.808507874413522,-7.580544136107002],[110.808478159497511,-7.580532590691153],[110.808439761418697,-7.58051767103028],[110.808341368468305,-7.580498744852433],[110.808265675857527,-7.580494935848526],[110.808238791139075,-7.580493704646992],[110.808182414546096,-7.580491122591588],[110.808114289876144,-7.580491092564706],[110.80808313113306,-7.580501440657854],[110.808046155170473,-7.580513721055068],[110.807985593414401,-7.580528799729774],[110.807960248578524,-7.580532401394342],[110.807932604611409,-7.580536329496665],[110.807896673161366,-7.580531831503924],[110.807872052893757,-7.580528749627727],[110.807851817734445,-7.580523233683462],[110.807830426876663,-7.580517402438252],[110.807758529125522,-7.580490935585052],[110.807731944834359,-7.580480719407772],[110.807709336858181,-7.5804720309923],[110.807630721869614,-7.580389950099483],[110.807626114252116,-7.58038513304594],[110.807625998273238,-7.580385001832279],[110.807516412881185,-7.580256687407736],[110.807467342816352,-7.580187257274196],[110.807425637395312,-7.580128248306891],[110.807349981791958,-7.580041356370687],[110.807330611462291,-7.580011456337258],[110.807308379342601,-7.579977138029075],[110.807244068109242,-7.579912909628558],[110.80721677202601,-7.579882778129347],[110.807172194018193,-7.579833571577794],[110.807135753292698,-7.579794144296975],[110.807126800094352,-7.579784457830852],[110.807073829861508,-7.579750446108029],[110.807017557081906,-7.579730765799863],[110.807016040679216,-7.579730235050583],[110.807007753487753,-7.579727336757991],[110.806998147488116,-7.579723977455272],[110.80696194844127,-7.579713927028131],[110.806930031354526,-7.5797050652908],[110.806865700024815,-7.579686153890432],[110.806795923340204,-7.579672860146851],[110.806786228735106,-7.579671013238395],[110.806729470378798,-7.579644552938523],[110.806661361008793,-7.579610534444851],[110.806630340324872,-7.579589879322413],[110.80661595874237,-7.579580302601223],[110.806566799430854,-7.579485869157335],[110.806551713404829,-7.579368792318864],[110.80651770173327,-7.579255483641283],[110.806502482175617,-7.579183733754795],[110.806491264721657,-7.579130848609682],[110.806472394714262,-7.579009993512702],[110.806389221424141,-7.578809803604158],[110.806354417782529,-7.578738528946428],[110.806313597535933,-7.578654935007042],[110.806275780938876,-7.578586942585767],[110.806226612587693,-7.578515167631843],[110.806192206246578,-7.57844955483142],[110.806185016295274,-7.578435843802361],[110.806179663449797,-7.578425150326408],[110.806154765931097,-7.578375406979935],[110.806149835996521,-7.578347458146432],[110.806143440283307,-7.57831120200922],[110.806143474058729,-7.578235672377527],[110.80615108584422,-7.578141265064557],[110.806158788177683,-7.578087633923062],[110.806177661155559,-7.577956230253805],[110.806179204570583,-7.577922685023609],[110.806181483081573,-7.577873149161245],[110.80618149396976,-7.577848794567752],[110.80618150502977,-7.577824055532771],[110.806177770899254,-7.577710760302216],[110.806133301035644,-7.577627248845533],[110.806083233511259,-7.577533224711823],[110.806068138959375,-7.577510609207753],[110.806007591357812,-7.577419896545536],[110.805972551238412,-7.577383151839828],[110.805931933123006,-7.57734055751555],[110.805856699378069,-7.577297202391454],[110.805833557926235,-7.577283866876838],[110.805727619066658,-7.577212066550487],[110.805640600730641,-7.577147827790007],[110.80559842512433,-7.577121680506751],[110.805530876374931,-7.577079803204816],[110.80533412611608,-7.576962645155863],[110.805224458468984,-7.576901785606445],[110.805197912749094,-7.576887054596362],[110.805152283974493,-7.576853369767302],[110.805110894558254,-7.576822815732743],[110.80509344200874,-7.576810689419799],[110.805023873788627,-7.576762353423836],[110.804974695655716,-7.576713237765359],[110.804955801586416,-7.576649029374839],[110.804955828766126,-7.576588606031006],[110.804953773833233,-7.576570079551023],[110.804948289804685,-7.576520626152637],[110.80494888114815,-7.576517977841382],[110.804963458550631,-7.576452656444154],[110.804969514842313,-7.57643304811462],[110.804978619705409,-7.576403569595756],[110.805005260635909,-7.576363734384505],[110.805008917323008,-7.57635826609693],[110.805073290516134,-7.576282765265662],[110.805202057191934,-7.576086447419329],[110.805267506948738,-7.575961192158741],[110.805296754093376,-7.575905219688203],[110.805326958584303,-7.575834982599732],[110.805327000276975,-7.575834999805171],[110.805610999604426,-7.575955000058824],[110.80601500019651,-7.57607300022669],[110.806096000443944,-7.576057000108604],[110.806526000451242,-7.576220000093861],[110.806900999708802,-7.576382999701153],[110.807138999763168,-7.576455999813605],[110.807567999568448,-7.576549999669311],[110.807810999905072,-7.576586999802584],[110.808008999715327,-7.576637000323419],[110.80865399969619,-7.575173000276523],[110.809486000081392,-7.575446000155912],[110.809587999741851,-7.575006999707274],[110.811809999856905,-7.575332999547776]]]]}},
{"type":"Feature","properties":{"OBJECTID_1":435,"PROVINSI":"Provinsi Jawa Tengah","KABUPATEN":"Kota Surakarta","KECAMATAN":"Kecamatan Banjarsari","KELURAHAN":"Kelurahan Banjarsari","SUMBER":"Peraturan Walikota Surakarta Provinsi Jawa Tengah Nomor :146.3/12.2 Tahun 2020 Tanggal 4 Februari 2020 tentang Batas Wilayah Kecamatan dan Kelurahan Kota Surakarta","Shape_Leng":6578.4725177299997,"Shape_Area":2043435.8018100001,"luas":204.50528068200001},"geometry":{"type":"MultiPolygon","coordinates":[[[[110.819556515827557,-7.528425004692691],[110.81967633137063,-7.528478373050242],[110.819698179685147,-7.528483562518848],[110.819811087425137,-7.528510381550622],[110.819831675925357,-7.528515271986167],[110.8198500266639,-7.528519630517553],[110.820014757687673,-7.52852935721898],[110.820456638233438,-7.528555448121376],[110.821292471231544,-7.528604798546933],[110.821345822389773,-7.528612819424064],[110.821525975695934,-7.52863990061641],[110.8218013921161,-7.528698753746447],[110.821851969346739,-7.528707423820981],[110.821855968249054,-7.528708109302516],[110.822040910244809,-7.528739811876425],[110.822492043986784,-7.528828431165877],[110.823066756871555,-7.528898309254246],[110.823426072979757,-7.52898675934222],[110.823637348240695,-7.529035875808603],[110.82366094275622,-7.529040248051659],[110.823746450220355,-7.529056092550982],[110.823939649958064,-7.529099456669847],[110.824060806920698,-7.529125706241006],[110.82426258550656,-7.529168346388081],[110.824407339803088,-7.529201117336373],[110.824433449391123,-7.529127381721852],[110.824513399630902,-7.528962722980007],[110.824591445940712,-7.528823762329099],[110.824685550654451,-7.528646228121412],[110.8247914468988,-7.528706184755877],[110.824990179761429,-7.528818876063879],[110.825135612387456,-7.528914055225473],[110.82531922929472,-7.529034668017673],[110.825387416159117,-7.529090343518065],[110.825398006192188,-7.529098990916998],[110.825633482899789,-7.529281277109487],[110.825681018837003,-7.529318075893646],[110.826179292419397,-7.529656503921886],[110.826244261067885,-7.529697699446585],[110.826623892883802,-7.529938420583748],[110.826804607143018,-7.530080047524034],[110.826835097418851,-7.530103942973418],[110.826979929143462,-7.530198783893323],[110.827025086046746,-7.530228354070331],[110.827104125835675,-7.530266351033844],[110.827135394174363,-7.530037798997282],[110.827151038333383,-7.529898272323654],[110.827163118210279,-7.529674498796895],[110.827172843446547,-7.529342425434071],[110.827181088108901,-7.529114223415407],[110.827191296002326,-7.528922878930182],[110.827195224231033,-7.528845695210416],[110.82722234358873,-7.528853133340299],[110.827227016463269,-7.528854892765042],[110.827374092405378,-7.528910254418269],[110.827499224170381,-7.528957356788585],[110.827570440233643,-7.528984164655694],[110.827741238739137,-7.529041335619021],[110.828014062018013,-7.52913265615366],[110.828136628758131,-7.529172733340388],[110.828211205451666,-7.52919621721827],[110.828335468679768,-7.5292372963758],[110.828901419706696,-7.529418378662782],[110.829322979600832,-7.529565016719864],[110.829806659798976,-7.529715835922056],[110.830314790866353,-7.529882131335209],[110.830469219418589,-7.529935802357502],[110.831091092768048,-7.530148093112029],[110.831594464662089,-7.530308628531212],[110.8316620513001,-7.530336829196185],[110.831731743854263,-7.530366720399391],[110.832001605939283,-7.530448011073474],[110.832362269011071,-7.53054962768761],[110.832564053912307,-7.530608198072074],[110.832647559758371,-7.530635768757174],[110.833109893907576,-7.530781939367039],[110.834201113419596,-7.531111512866239],[110.83410312742015,-7.531469042980229],[110.834091949330627,-7.531537846795385],[110.834096260605875,-7.531551491177316],[110.834145178929234,-7.531571613806318],[110.8342300718475,-7.53158744157116],[110.834399163867289,-7.531608238311848],[110.834906698363881,-7.531682612006663],[110.835134763307366,-7.531715725625794],[110.835267518763899,-7.531753877939937],[110.835345217892154,-7.531768267229416],[110.835403729691436,-7.531784564273741],[110.835495947066761,-7.531804324911111],[110.835521716656913,-7.531810456729487],[110.835522851460652,-7.531810613646514],[110.835518070655624,-7.531844905972082],[110.835513705917151,-7.531886379848189],[110.835504071371815,-7.531963278389407],[110.835503702027452,-7.532019684625305],[110.835507806081694,-7.532075786795843],[110.835510536685234,-7.532146825642049],[110.835513266383288,-7.532217863583133],[110.835515995363323,-7.532360515555904],[110.835518939298552,-7.532461965275135],[110.835519047935492,-7.532464729686854],[110.835519356782939,-7.532472601385196],[110.83545169154597,-7.532516628607175],[110.835373684883223,-7.532567384657894],[110.83527013837066,-7.53263475801984],[110.835241163904527,-7.532651705125062],[110.835129939759767,-7.53271675805196],[110.835129526135248,-7.53277746641045],[110.835129000197227,-7.532777999909712],[110.834813999649342,-7.533293000355894],[110.83474699995584,-7.533378999834722],[110.834684000024197,-7.533442000271334],[110.834604999940254,-7.53353500019856],[110.834527999943703,-7.533640999559267],[110.834362000312126,-7.533895999741429],[110.834253000131866,-7.534128000087583],[110.834248000036254,-7.534125999996466],[110.834248000182498,-7.534128000004135],[110.834062999852975,-7.534078999855683],[110.833727999925372,-7.534965000038709],[110.833677999791746,-7.535330000048603],[110.833610000130008,-7.535528999825821],[110.833749999673714,-7.53563700004206],[110.83366300004829,-7.536001999554006],[110.83377400036413,-7.536522000211329],[110.833743999638259,-7.536837999926141],[110.833558000060592,-7.537212000254658],[110.833527000038274,-7.537264999965047],[110.833206000395279,-7.5373759998274],[110.832966000008213,-7.538014999692467],[110.83292999976203,-7.538098999819247],[110.832925999968438,-7.538097999645683],[110.832924999767457,-7.538098999719709],[110.832737999611439,-7.538056000054172],[110.83250700012232,-7.538721000442476],[110.832381999920585,-7.539082000430278],[110.832077000239593,-7.539832999616596],[110.83189599958979,-7.540197999660216],[110.831761999811675,-7.5404679997306],[110.831479999670009,-7.541037999862802],[110.831282999804102,-7.541436000341705],[110.831664999828106,-7.541546999971816],[110.832048999704767,-7.541658000039812],[110.831946000216803,-7.541674999889526],[110.831852999751419,-7.541689999933304],[110.831604999948198,-7.541751999724871],[110.831207999644008,-7.541882000024213],[110.830946000267929,-7.541950999937859],[110.830753999804855,-7.542023999656805],[110.830481000237569,-7.54209800002331],[110.830344999716928,-7.542103999782511],[110.830214000130695,-7.542117000106274],[110.830209000090704,-7.542116999974667],[110.830115000063401,-7.542116999661061],[110.830110000023083,-7.542117000432888],[110.829980000053681,-7.542098000066665],[110.829919000307129,-7.542077999807643],[110.829675999906911,-7.541999000436431],[110.829203000433495,-7.541746999737233],[110.828886999668356,-7.541596000142078],[110.828428000401686,-7.541403999763911],[110.827820000409659,-7.541187000369866],[110.827590999585908,-7.541111999951328],[110.827294000093914,-7.541016000099884],[110.827279000183239,-7.541011000042255],[110.826929000099881,-7.540896999767206],[110.826766000158869,-7.540845999773555],[110.826250000267535,-7.540683000439367],[110.825597999609258,-7.540487999584924],[110.825110000398865,-7.540347000200168],[110.824878000146995,-7.540281000373576],[110.824640999958717,-7.540233000285388],[110.824268999798718,-7.540157000060075],[110.824057999725198,-7.540137999785355],[110.823944000091359,-7.540138000063079],[110.82318000021526,-7.540147000017224],[110.82290500004494,-7.540151999622895],[110.822651999984913,-7.540156000281556],[110.821208999831882,-7.540180000152456],[110.820915999723823,-7.540185999747678],[110.820866000168607,-7.540210999704211],[110.820829000450587,-7.540255000057295],[110.820816000123671,-7.54035399998952],[110.820795999810443,-7.540359000405881],[110.820840999582941,-7.540489999757334],[110.820927999950385,-7.540800000067504],[110.820903000037887,-7.540837000341178],[110.820877999868898,-7.540867999691685],[110.820815999959308,-7.540889999693256],[110.820814999640689,-7.540888999733035],[110.82079299976165,-7.540809999998063],[110.820765000115287,-7.54071099955685],[110.820693999706236,-7.540464999622185],[110.820663999796778,-7.54036099969697],[110.820504999674142,-7.539804999861476],[110.820372000263163,-7.539337999584649],[110.820097999805739,-7.538351999983323],[110.820064000015464,-7.538226000114949],[110.820062999623843,-7.538223000147267],[110.819776999708921,-7.537160999695103],[110.819559000010642,-7.536394999903583],[110.819427000212826,-7.535941999768274],[110.819347999625293,-7.535673000299847],[110.819190999940574,-7.535136000376906],[110.818971000403579,-7.534384000390475],[110.818416999785953,-7.532519999652658],[110.817430000021716,-7.529334000140103],[110.817397000326835,-7.52922799962274],[110.817370000049124,-7.529139999851126],[110.817347999804682,-7.529068999954386],[110.817317999881709,-7.528972999808243],[110.817283999817576,-7.528862000205867],[110.81726399995479,-7.528799999810456],[110.817244000028268,-7.528736000312304],[110.817223999619983,-7.528671000357517],[110.817213000148314,-7.528633999722505],[110.817212760044512,-7.528633759006483],[110.817212714719489,-7.528633767128717],[110.817212692090507,-7.528633691135313],[110.81721245855374,-7.528632920343449],[110.817261504897161,-7.528623822724497],[110.817414357763283,-7.528584255378228],[110.817489160736287,-7.528559124089748],[110.817508393402136,-7.528552662608196],[110.817527565378342,-7.528552604558358],[110.817580500191241,-7.528552445683574],[110.817657466371088,-7.528552213582339],[110.817810355073163,-7.528524372969393],[110.817835321998956,-7.528519664202254],[110.817849348859141,-7.528517925115671],[110.817916133716906,-7.528509647100585],[110.817916280317746,-7.528510225182369],[110.817924658285776,-7.528543259977424],[110.817986831571105,-7.528788410068034],[110.817991358740016,-7.528787348173006],[110.818260436072009,-7.528724233961947],[110.818209309091046,-7.528484011164103],[110.818206982301732,-7.528473077553772],[110.818206894550016,-7.528472664128418],[110.818257968428156,-7.528468203164462],[110.818262126208921,-7.52846826097223],[110.818287999262239,-7.528468619961621],[110.818294966060336,-7.528468716925886],[110.818311160285432,-7.528468942546781],[110.818492745721286,-7.528471465566886],[110.818493173581331,-7.528471407851558],[110.818696638456473,-7.528443451282948],[110.818773252329336,-7.528400998891422],[110.818802915801399,-7.528384561533889],[110.818806711905992,-7.52838245816675],[110.81881019249974,-7.528380529251318],[110.818888352231369,-7.528282474401197],[110.819009707306662,-7.528207782547612],[110.819119529424924,-7.528199634286874],[110.81912085270784,-7.528199893540391],[110.819335412140219,-7.528242021084015],[110.819399805131297,-7.528281274350616],[110.819437568439426,-7.528304293154275],[110.819516953067406,-7.528384856200243],[110.819556515827557,-7.528425004692691]]]]}},
{"type":"Feature","properties":{"OBJECTID_1":437,"PROVINSI":"Provinsi Jawa Tengah","KABUPATEN":"Kota Surakarta","KECAMATAN":"Kecamatan Laweyan","KELURAHAN":"Kelurahan Laweyan","SUMBER":"Peraturan Walikota Surakarta Provinsi Jawa Tengah Nomor :146.3/12.2 Tahun 2020 Tanggal 4 Februari 2020 tentang Batas Wilayah Kecamatan dan Kelurahan Kota Surakarta","Shape_Leng":2119.6214560899998,"Shape_Area":205626.61374500001,"luas":20.5850555912},"geometry":{"type":"MultiPolygon","coordinates":[[[[110.797526999740143,-7.571549999857266],[110.797449060668129,-7.571860757874152],[110.797365590268384,-7.571832950634249],[110.797335757660647,-7.571823012743557],[110.797195745824666,-7.571781406217005],[110.79705778140368,-7.571744626470528],[110.797025459790461,-7.57173600987831],[110.796990673384116,-7.571727314342596],[110.796858956751038,-7.571694390904756],[110.796684872771038,-7.571675427762375],[110.796537278341361,-7.571664027349721],[110.796517735358989,-7.571664453321763],[110.796366969387307,-7.571667726178726],[110.796226450113281,-7.571680032269157],[110.796109604700888,-7.571690264362092],[110.795942475779455,-7.571705600876271],[110.795659216461942,-7.571731594779692],[110.795504040139107,-7.571746627367329],[110.795447163276677,-7.571771425637304],[110.795382907619725,-7.571799441601646],[110.79526933383282,-7.571874916972491],[110.795167114187677,-7.571950398554389],[110.795120756901426,-7.571991747178532],[110.795095175867075,-7.572014563732837],[110.795045623847756,-7.572037010802419],[110.795011896736597,-7.572052289373137],[110.794905919933512,-7.572067345790812],[110.794860505010149,-7.572067324412723],[110.794833810500506,-7.572065745132904],[110.794796168233034,-7.572063517548144],[110.79474322518783,-7.572054686643271],[110.794728050302922,-7.572052155750232],[110.79467306418357,-7.57202752921297],[110.794618320060891,-7.572003010426537],[110.794569124875594,-7.571991657522604],[110.794474509412993,-7.571991612906396],[110.794395032859967,-7.571991575413105],[110.794280349438395,-7.572024642945689],[110.794251198057879,-7.572033048900617],[110.794228728484384,-7.572043712192287],[110.794171702676138,-7.572070776164882],[110.794134472034386,-7.572085616105511],[110.794077070181544,-7.572108495356386],[110.794008945094092,-7.5721122397276],[110.793991573467693,-7.572115945670982],[110.793955955331668,-7.572123544387531],[110.793887826653517,-7.57213484097567],[110.793831050362485,-7.572149920400251],[110.793770485749221,-7.572172550261939],[110.793691001076752,-7.572187618919762],[110.793639851509738,-7.57219326453059],[110.793622875085674,-7.57219513889622],[110.79353582274392,-7.572206427370132],[110.793469331889597,-7.572201087855299],[110.793441211743186,-7.572198829388424],[110.793304965131796,-7.57219876478001],[110.793244422081997,-7.572176077535545],[110.793228896781301,-7.572172702462301],[110.793157385046158,-7.572157154278004],[110.793157186571804,-7.572157041112807],[110.793104415068626,-7.572126917467336],[110.793051455000338,-7.572074021229512],[110.793042496045246,-7.572060299202506],[110.793032733592952,-7.572045346581357],[110.793033000275557,-7.57204500025852],[110.792995000267751,-7.571987000310904],[110.792961000082443,-7.571918999548807],[110.792938000358149,-7.571801999950502],[110.792877999761629,-7.571227999583383],[110.79285799959608,-7.571212000030268],[110.792821000305821,-7.571105000099574],[110.792773000135583,-7.570990999911166],[110.792701999684951,-7.570880999631951],[110.792597000108501,-7.570795999893159],[110.792482999996466,-7.570701000368863],[110.792325999671661,-7.570624000225162],[110.79225499972992,-7.570571999865754],[110.792168999968354,-7.570525000030456],[110.792102000386961,-7.570496000193298],[110.791949999994472,-7.570458000033252],[110.791873999723919,-7.570425000388612],[110.791825999630206,-7.570405999630045],[110.791782999945752,-7.570367999902158],[110.79163999983281,-7.57020099989115],[110.791541000088429,-7.570078000067431],[110.791469000081179,-7.57000600001392],[110.79140299985491,-7.569934999654171],[110.79132200030773,-7.569868000244172],[110.791254999923652,-7.569791999837249],[110.791203000323691,-7.569726000272419],[110.791173999548164,-7.569659000413867],[110.791165000071615,-7.569578999736788],[110.791174000036534,-7.569479000450304],[110.791168999965208,-7.569388000334009],[110.791183999874434,-7.569298000300565],[110.791183999788231,-7.569236000312091],[110.791170000178425,-7.569165000402822],[110.791141000070709,-7.569107999635434],[110.791102999692882,-7.569064999978054],[110.791040999642235,-7.569027000119889],[110.790959999666214,-7.568999000186088],[110.790873999845076,-7.568970000100504],[110.790792999674267,-7.568918000140765],[110.79065999999888,-7.568803999633867],[110.790575000327209,-7.568736999978539],[110.790502999605408,-7.568656000225084],[110.790396999707923,-7.568541999951058],[110.790873999878301,-7.568380999753518],[110.791064000367655,-7.568295000411791],[110.791193000149605,-7.568256999807302],[110.791306999759016,-7.568237999669984],[110.791426000322531,-7.568229000084817],[110.791601999953755,-7.568229000127185],[110.791769000255229,-7.568243000321544],[110.791854999721608,-7.568248000231476],[110.791917000363711,-7.568261999976748],[110.792131000323579,-7.568361999842038],[110.792783000037744,-7.568515000416473],[110.793588000289148,-7.568714999680162],[110.794397000023096,-7.568933999814285],[110.795320999710043,-7.569209999566228],[110.797343999744456,-7.569813999605947],[110.797766999567855,-7.569971999810635],[110.797751000239614,-7.570023000084889],[110.797747999984821,-7.570068999605406],[110.797755999571123,-7.570102999705108],[110.797763999919084,-7.57018400026541],[110.797791000427139,-7.570266000143056],[110.797830999575595,-7.570379000174219],[110.797857999758975,-7.570561000063702],[110.797865000295317,-7.570710000168002],[110.797808999994814,-7.570716000424611],[110.797631999681201,-7.570729000137635],[110.797626999661475,-7.57087600009721],[110.797616999759413,-7.571055000451454],[110.797588000307755,-7.571286000126395],[110.797574000319131,-7.571365000416352],[110.797526999740143,-7.571549999857266]]]]}}
]
}
